Unity Editor version:    6000.5.7f1 (017862109af0)
Branch:                  6000.5/staging
Build type:              Release
Batch mode:              YES
macOS version:           Version 26.3.1 (Build 25D2128)
Darwin version:          25.3.0
Architecture:            arm64
Running under Rosetta:   NO
Available memory:        8192 MB
Date:                    2026-08-11T06:50:42Z
[Licensing::Module] Trying to connect to existing licensing client channel...
[Licensing::IpcConnector] Successfully connected to: "LicenseClient-ariaugust" at "2026-08-11T06:50:42.393708Z"

COMMAND LINE ARGUMENTS:
/Applications/Unity/Hub/Editor/6000.5.7f1/Unity.app/Contents/MacOS/Unity
-adb2
-batchMode
-noUpm
-name
AssetImportWorkerHW0
-projectPath
/Users/ariaugust/My project
-logFile
Logs/AssetImportWorkerHW0.log
-srvPort
51034
-parentPid
9737
-analyticsCloudUserId
anonymous
-analyticsCloudProjectId
a10303f8-a9be-4d6e-a82d-dd434fecb6ea
-analyticsLocalProjectId
a55326367aef74f88a464c4dc5b2a633
-editorAnalyticsEnabled
1
-cbmEditorLicense
0a5e7347fb7b9f1d6615394dfbf23e1337633279
-cbmMachineId
eZKMaRMz1V4xfKf0y94TKUwIyuo=
-licensingIpc
LicenseClient-ariaugust
-noDiagnosticSwitchPersistentStore
-job-worker-count
3
-background-job-worker-count
8
-asset-garbage-collectors
1
-force-metal
-name AssetImport
Successfully changed project path to: /Users/ariaugust/My project
/Users/ariaugust/My project
[UnityMemory] Configuration Parameters - Can be set up in boot.config
    "memorysetup-temp-allocator-size-gi-baking-worker=262144"
    "memorysetup-temp-allocator-size-gi-baking-worker=262144"
    "memorysetup-temp-allocator-size-gi-baking-worker=262144"
    "memorysetup-temp-allocator-size-gi-baking-worker=262144"
    "memorysetup-temp-allocator-size-gi-baking-worker=262144"
    "memorysetup-temp-allocator-size-nav-mesh-worker=65536"
    "memorysetup-temp-allocator-size-audio-worker=65536"
    "memorysetup-temp-allocator-size-cloud-worker=32768"
    "memorysetup-allocator-temp-initial-block-size-main=262144"
    "memorysetup-allocator-temp-initial-block-size-worker=262144"
    "memorysetup-temp-allocator-size-preload-manager=33554432"
    "memorysetup-temp-allocator-size-gfx=262144"
    "memorysetup-temp-allocator-size-background-worker=32768"
    "memorysetup-temp-allocator-size-job-worker=262144"
    "memorysetup-bucket-allocator-granularity=16"
    "memorysetup-bucket-allocator-bucket-count=8"
    "memorysetup-bucket-allocator-block-size=33554432"
    "memorysetup-bucket-allocator-block-count=8"
    "memorysetup-main-allocator-block-size=16777216"
    "memorysetup-thread-allocator-block-size=16777216"
    "memorysetup-main-allocator-mimalloc-enabled=0"
    "memorysetup-gfx-main-allocator-block-size=16777216"
    "memorysetup-gfx-thread-allocator-block-size=16777216"
    "memorysetup-cache-allocator-block-size=4194304"
    "memorysetup-typetree-allocator-block-size=2097152"
    "memorysetup-profiler-bucket-allocator-granularity=16"
    "memorysetup-profiler-bucket-allocator-bucket-count=8"
    "memorysetup-profiler-bucket-allocator-block-size=33554432"
    "memorysetup-profiler-bucket-allocator-block-count=8"
    "memorysetup-profiler-allocator-block-size=16777216"
    "memorysetup-profiler-editor-allocator-block-size=1048576"
    "memorysetup-temp-allocator-size-main=16777216"
    "memorysetup-job-temp-allocator-block-size=2097152"
    "memorysetup-job-temp-allocator-block-size-background=1048576"
    "memorysetup-job-temp-allocator-reduction-small-platforms=262144"
Player connection [8593961216]  Target information:

Player connection [8593961216]  * "[IP] 172.20.10.2 [Port] 0 [Flags] 2 [Guid] 1437057974 [EditorId] 1437057974 [Version] 1048832 [Id] OSXEditor(0,Aris-MacBook-2004.local) [Debug] 1 [PackageName] OSXEditor [ProjectName] Editor" 

Player connection [8593961216] Host joined multi-casting on [225.0.0.222:54997]...
Player connection [8593961216] Host joined alternative multi-casting on [225.0.0.222:34997]...
JobSystem: Creating JobQueue using job-worker-count value 3
Input System module state changed to: Initialized.
[Physics::Module] Initialized fallback backend.
[Physics::Module] Id: 0xdecafbad
Library Redirect Path: Library/
[Physics::Module] Selected backend.
[Physics::Module] Name: PhysX
[Physics::Module] Id: 0xf2b8ea05
[Physics::Module] SDK Version: 4.1.2
[Physics::Module] Integration Version: 1.0.0
[Physics::Module] Threading Mode: Multi-Threaded
Refreshing native plugins compatible for Editor in 2.27 ms, found 3 plugins.
Initialize engine version: 6000.5.7f1 (017862109af0)
[Subsystems] Discovering subsystems at path /Applications/Unity/Hub/Editor/6000.5.7f1/Unity.app/Contents/Resources/UnitySubsystems
[Subsystems] Discovering subsystems at path /Users/ariaugust/My project/Assets
Forcing GfxDevice: Metal
GfxDevice: creating device client; kGfxThreadingModeNonThreaded
 preferred device: Apple M2 (high power)
Metal devices available: 1
0: Apple M2 (high power)
Using device Apple M2 (high power)
Initializing Metal device caps: Apple M2
Mac GPU Family: 2
Apple GPU Family: 8
MSL Version: 3.0
Has Float MSAA: 1
Has Float Filtering: 1
ReadWrite Texture Tier: 2
Initialize mono
Mono path[0] = '/Applications/Unity/Hub/Editor/6000.5.7f1/Unity.app/Contents/Resources/Scripting/Managed'
Mono path[1] = '/Applications/Unity/Hub/Editor/6000.5.7f1/Unity.app/Contents/Resources/Scripting/BCLExtensions/runtime/netstandard2.1'
Mono path[2] = '/Applications/Unity/Hub/Editor/6000.5.7f1/Unity.app/Contents/Resources/Scripting/MonoBleedingEdge/lib/mono/unityjit-macos'
Mono config path = '/Applications/Unity/Hub/Editor/6000.5.7f1/Unity.app/Contents/Resources/Scripting/MonoBleedingEdge/etc'
Using monoOptions --debugger-agent=transport=dt_socket,embedding=1,server=y,suspend=n,address=127.0.0.1:56749
CodeReloadManager initialized
Begin MonoManager ReloadAssembly
Registering precompiled unity dll's ...
Register platform support module: /Applications/Unity/Hub/Editor/6000.5.7f1/PlaybackEngines/WebGLSupport/UnityEditor.WebGL.Extensions.dll
Register platform support module: /Applications/Unity/Hub/Editor/6000.5.7f1/PlaybackEngines/MacStandaloneSupport/UnityEditor.OSXStandalone.Extensions.dll
Registered in 0.000503 seconds.
Native extension for OSXStandalone target not found
Native extension for WebGL target not found
Package Manager log level set to [2]
[Package Manager] Failed to launch server process. Reason: Unity was launched with the -noUpm command-line argument
[Package Manager] Unable to send message (not connected to server process).
[Package Manager] Cannot connect to Unity Package Manager local server
ScheduleIndexationOnStartup MainProcess:False IndexOnStartup:True
Mono: successfully reloaded assembly
- Finished resetting the current domain, in  0.264 seconds
Domain Reload Profiling: 576ms
	BeginReloadAssembly (64ms)
	RebuildCommonClasses (3ms)
	RebuildNativeTypeToScriptingClass (13ms)
	initialDomainReloadingComplete (37ms)
	LoadAllAssembliesAndSetupDomain (193ms)
		LoadAssemblies (64ms)
		AnalyzeDomain (147ms)
			TypeCache.Refresh (146ms)
				TypeCache.ScanAssembly (133ms)
	FinalizeReload (265ms)
		SetupLoadedEditorAssemblies (0ms)
			BeforeProcessingInitializeOnLoad (56ms)
			ProcessInitializeOnLoadAttributes (62ms)
			ProcessInitializeOnLoadMethodAttributes (89ms)
Initializing Unity extensions:
[Licensing::Module] Licensing is not yet initialized.
[Licensing::Client] Error: HandshakeResponse reported an error:
	ResponseCode: 505
	ResponseStatus: Unsupported protocol version '1.18.1'.
[Licensing::Module] Error: Failed to handshake to channel: "LicenseClient-ariaugust"
[Licensing::IpcConnector] LicenseClient-ariaugust channel disconnected successfully.
[Licensing::IpcConnector] Successfully connected to: "LicenseClient-ariaugust-6000.5.7" at "2026-08-11T06:50:43.884698Z"
[Licensing::Client] Handshaking with LicensingClient:
  Version:                 1.18.1+9fbee8e
  Session Id:              cef24f5d9bff40839a70171ea665d816
  Correlation Id:          41b5219384611ed0702b7719219737b5
  External correlation Id: 1295602560819075827
  Machine Id:              eZKMaRMz1V4xfKf0y94TKUwIyuo=
[Licensing::Module] Successfully connected to LicensingClient on channel: "LicenseClient-ariaugust-6000.5.7" (connect: 0.00s, validation: 0.00s, handshake: 0.28s)
[Licensing::IpcConnector] Successfully connected to: "LicenseClient-ariaugust-6000.5.7-notifications" at "2026-08-11T06:50:44.167581Z"
[Licensing::Module] Licensing Background thread has ended after 1.77s
[Licensing::Module] Licensing is initialized (took 0.59s).
[Licensing::Client] Successfully resolved entitlement details
[Licensing::Module] License group:
  Id: 18968481443530-UnityPersXXXX
  Product: Unity Personal
  Type: Assigned
  Expiration: Unlimited
[CoreBusinessMetrics] Unexpected thread when updating session info.
[CoreBusinessMetrics] Unexpected thread when updating session info.
Curl error 3: URL rejected: Error
========================================================================
Worker process is ready to serve import requests
Import Worker Mode flag is 0x00
Begin MonoManager ReloadAssembly
Native extension for OSXStandalone target not found
Native extension for WebGL target not found
[Package Manager] Failed to launch server process. Reason: Unity was launched with the -noUpm command-line argument
[Package Manager] Unable to send message (not connected to server process).
[Package Manager] Cannot connect to Unity Package Manager local server
[Package Manager] Failed to launch server process. Reason: Unity was launched with the -noUpm command-line argument
[Package Manager] Unable to send message (not connected to server process).
[Package Manager] Cannot connect to Unity Package Manager local server
ScheduleIndexationOnStartup MainProcess:False IndexOnStartup:True
Mono: successfully reloaded assembly
- Finished resetting the current domain, in  0.552 seconds
Domain Reload Profiling: 1068ms
	BeginReloadAssembly (96ms)
		DisableScriptedObjects (4ms)
		CreateAndSetChildDomain (13ms)
	RebuildCommonClasses (5ms)
	RebuildNativeTypeToScriptingClass (12ms)
	initialDomainReloadingComplete (28ms)
	LoadAllAssembliesAndSetupDomain (373ms)
		LoadAssemblies (171ms)
		AnalyzeDomain (181ms)
			TypeCache.Refresh (136ms)
				TypeCache.ScanAssembly (121ms)
			BuildScriptInfoCaches (41ms)
			ResolveRequiredComponents (3ms)
	FinalizeReload (553ms)
		SetupLoadedEditorAssemblies (0ms)
			BeforeProcessingInitializeOnLoad (58ms)
			ProcessInitializeOnLoadAttributes (209ms)
			ProcessInitializeOnLoadMethodAttributes (149ms)
AcceleratorClientConnectionCallback - disconnected - :0
WARNING: Shader Unsupported: 'Universal Render Pipeline/VR/SpatialMapping/Wireframe' - All subshaders removed
WARNING: Shader Did you use #pragma only_renderers and omit this platform?
WARNING: Shader If subshaders removal was intentional, you may have forgotten turning Fallback off?
Shader Hidden/ChartRasterizerHardware is not supported: GPU does not support conservative rasterization
Shader Hidden/ChartRasterizerHardware is not supported: GPU does not support conservative rasterization
Launching external process: /Applications/Unity/Hub/Editor/6000.5.7f1/Unity.app/Contents/Helpers/UnityShaderCompiler
Launched and connected shader compiler UnityShaderCompiler after 0.04 seconds
Unloading 24 Unused Serialized files (Serialized files now loaded: 0)
Curl error 3: URL rejected: Error
Unloading 7363 unused Assets / (5.9 MB). Loaded Objects now: 8229.
Memory consumption went from 180.8 MB to 174.9 MB.
Total: 8.935291 ms (FindLiveObjects: 0.437666 ms CreateObjectMapping: 1.855583 ms MarkObjects: 5.049334 ms  DeleteObjects: 1.592375 ms)

========================================================================
Received Import Request.
  Time of request: 2026-08-11T06:50:46.2903Z
  Time since last request: 27576.06547170799968 seconds.
  importAddress: GUID: 3a2ada7f844154a8a846e855df933b15 - Path: Assets/script/EnemyHealth.cs - Importer: ScriptedImporter/UnityEditor.QuickSearchModule:UnityEditor.Search:ASIAI0B
Importing 'GUID: 3a2ada7f844154a8a846e855df933b15 - Path: Assets/script/EnemyHealth.cs - Importer: ScriptedImporter/UnityEditor.QuickSearchModule:UnityEditor.Search:ASIAI0B' with importer (ScriptedImporter : UnityEditor.QuickSearchModule:UnityEditor.Search:ASIAI0B)
Imported 'GUID: 3a2ada7f844154a8a846e855df933b15' -> (Import Result ID: '91fe2ccba86638f1b84a6fec2403453e') in 0.056 seconds [static and dynamic dependencies]. Details - ImportResultOutputID=80347282575e88754360137ef9ceb1dc DependenciesID=487702acb81a61c3aba109244457616b StaticDependenciesID=106ffdc1d2b291a836a3e4166c17111b 
Number of updated asset objects reloaded before import = 0
Number of asset objects unloaded after import = 0
========================================================================
Received Import Request.
  Time of request: 2026-08-11T06:50:46.358259Z
  Time since last request: 0.000790458 seconds.
  importAddress: GUID: 547ea9d273f0e401b9fa11ceb9199906 - Path: Assets/script/PlayerHealth.cs - Importer: ScriptedImporter/UnityEditor.QuickSearchModule:UnityEditor.Search:ASIAI0B
Importing 'GUID: 547ea9d273f0e401b9fa11ceb9199906 - Path: Assets/script/PlayerHealth.cs - Importer: ScriptedImporter/UnityEditor.QuickSearchModule:UnityEditor.Search:ASIAI0B' with importer (ScriptedImporter : UnityEditor.QuickSearchModule:UnityEditor.Search:ASIAI0B)
Imported 'GUID: 547ea9d273f0e401b9fa11ceb9199906' -> (Import Result ID: '425c41464c71fdde28deef7405cc9549') in 0.002 seconds [static and dynamic dependencies]. Details - ImportResultOutputID=cc0fad1c7d6c3331791325c1ac1cebda DependenciesID=6abf3c785f5d86b119a8ce59c2a975fc StaticDependenciesID=86b5e444304274aaf07ca469c9cb5214 
Number of updated asset objects reloaded before import = 0
Number of asset objects unloaded after import = 0
========================================================================
Received Import Request.
  Time of request: 2026-08-11T06:50:46.371943Z
  Time since last request: 0.000655667 seconds.
  importAddress: GUID: 5e00edbeb9d9f481c8c8924d2716ae06 - Path: Assets/script/PlayerShooting.cs - Importer: ScriptedImporter/UnityEditor.QuickSearchModule:UnityEditor.Search:ASIAI0B
Importing 'GUID: 5e00edbeb9d9f481c8c8924d2716ae06 - Path: Assets/script/PlayerShooting.cs - Importer: ScriptedImporter/UnityEditor.QuickSearchModule:UnityEditor.Search:ASIAI0B' with importer (ScriptedImporter : UnityEditor.QuickSearchModule:UnityEditor.Search:ASIAI0B)
Imported 'GUID: 5e00edbeb9d9f481c8c8924d2716ae06' -> (Import Result ID: '523800a43c99f0efd53d632a698d907e') in 0.002 seconds [static and dynamic dependencies]. Details - ImportResultOutputID=1e54ad73222a25f60f4a529ec54fde1a DependenciesID=7b6cfaf63089cfe884857f6859cfaa17 StaticDependenciesID=b2edf221218be1771676a593ead35f50 
Number of updated asset objects reloaded before import = 0
Number of asset objects unloaded after import = 0
========================================================================
Received Import Request.
  Time of request: 2026-08-11T06:50:46.384618Z
  Time since last request: 0.000672542 seconds.
  importAddress: GUID: 8c9cfa26abfee488c85f1582747f6a02 - Path: Assets/Scenes/SampleScene.unity - Importer: ScriptedImporter/UnityEditor.QuickSearchModule:UnityEditor.Search:ASIAI0B
Importing 'GUID: 8c9cfa26abfee488c85f1582747f6a02 - Path: Assets/Scenes/SampleScene.unity - Importer: ScriptedImporter/UnityEditor.QuickSearchModule:UnityEditor.Search:ASIAI0B' with importer (ScriptedImporter : UnityEditor.QuickSearchModule:UnityEditor.Search:ASIAI0B)
Imported 'GUID: 8c9cfa26abfee488c85f1582747f6a02' -> (Import Result ID: '18b3d3d82d3a2e1b7c2a1715d9e333cf') in 0.003 seconds [static and dynamic dependencies]. Details - ImportResultOutputID=d43a887f810cc1b374bcd970bddaf6d4 DependenciesID=1ff180a2e25c5d9e49b32c38d99ff2b0 StaticDependenciesID=03c6f2611e83c5e6ec66fcebdd984004 
Number of updated asset objects reloaded before import = 0
Number of asset objects unloaded after import = 1
========================================================================
Received Import Request.
  Time of request: 2026-08-11T06:50:49.589353Z
  Time since last request: 3.191761334 seconds.
  importAddress: GUID: 5b4f45bf97510445d80a8d3b4937bdf9 - Path: Assets/script/BulletsMovement.cs - Importer: PreviewImporter
Importing 'GUID: 5b4f45bf97510445d80a8d3b4937bdf9 - Path: Assets/script/BulletsMovement.cs - Importer: PreviewImporter' with importer (PreviewImporter)
Imported 'GUID: 5b4f45bf97510445d80a8d3b4937bdf9' -> (Import Result ID: '2fd9b3fef1f4645da2299ce9b43a0f58') in 0.001 seconds [static and dynamic dependencies]. Details - ImportResultOutputID=d1948e953f07203a498ffbb8a97f08bb DependenciesID=fb9994f8f219dfcf466ff97b8274767e StaticDependenciesID=57ccbcb0300b48a5ac383d910f5b94bc 
Number of updated asset objects reloaded before import = 0
Number of asset objects unloaded after import = 0
========================================================================
Received Prepare
AcceleratorClientConnectionCallback - disconnected - :0
WARNING: Shader Unsupported: 'Universal Render Pipeline/VR/SpatialMapping/Wireframe' - All subshaders removed
WARNING: Shader Did you use #pragma only_renderers and omit this platform?
WARNING: Shader If subshaders removal was intentional, you may have forgotten turning Fallback off?
Shader Hidden/ChartRasterizerHardware is not supported: GPU does not support conservative rasterization
Unloading 24 Unused Serialized files (Serialized files now loaded: 0)
Unloading 27 unused Assets / (2.6 MB). Loaded Objects now: 8231.
Memory consumption went from 175.1 MB to 172.5 MB.
Total: 29.305458 ms (FindLiveObjects: 0.892792 ms CreateObjectMapping: 0.927833 ms MarkObjects: 27.026958 ms  DeleteObjects: 0.457417 ms)

Prepare: number of updated asset objects reloaded= 0
========================================================================
Received Prepare
AcceleratorClientConnectionCallback - disconnected - :0
[Licensing::Client] Successfully resolved entitlement details
Begin MonoManager ReloadAssembly
Thread 0x17d7b7000 may have been prematurely finalized
Native extension for OSXStandalone target not found
Native extension for WebGL target not found
[Package Manager] Failed to launch server process. Reason: Unity was launched with the -noUpm command-line argument
[Package Manager] Unable to send message (not connected to server process).
[Package Manager] Cannot connect to Unity Package Manager local server
[Package Manager] Failed to launch server process. Reason: Unity was launched with the -noUpm command-line argument
[Package Manager] Unable to send message (not connected to server process).
[Package Manager] Cannot connect to Unity Package Manager local server
ScheduleIndexationOnStartup MainProcess:False IndexOnStartup:True
Mono: successfully reloaded assembly
- Finished resetting the current domain, in  0.499 seconds
Domain Reload Profiling: 1538ms
	BeginReloadAssembly (302ms)
		DisableScriptedObjects (33ms)
		CreateAndSetChildDomain (88ms)
	RebuildCommonClasses (6ms)
	RebuildNativeTypeToScriptingClass (15ms)
	initialDomainReloadingComplete (37ms)
	LoadAllAssembliesAndSetupDomain (679ms)
		LoadAssemblies (406ms)
		AnalyzeDomain (263ms)
			TypeCache.Refresh (23ms)
			BuildScriptInfoCaches (226ms)
			ResolveRequiredComponents (8ms)
	FinalizeReload (500ms)
		SetupLoadedEditorAssemblies (0ms)
			BeforeProcessingInitializeOnLoad (61ms)
			ProcessInitializeOnLoadAttributes (207ms)
			ProcessInitializeOnLoadMethodAttributes (73ms)
		AwakeInstancesAfterBackupRestoration (12ms)
WARNING: Shader Unsupported: 'Universal Render Pipeline/VR/SpatialMapping/Wireframe' - All subshaders removed
WARNING: Shader Did you use #pragma only_renderers and omit this platform?
WARNING: Shader If subshaders removal was intentional, you may have forgotten turning Fallback off?
Shader Hidden/ChartRasterizerHardware is not supported: GPU does not support conservative rasterization
Unloading 24 Unused Serialized files (Serialized files now loaded: 0)
Unloading 7361 unused Assets / (4.6 MB). Loaded Objects now: 8235.
Memory consumption went from 192.7 MB to 188.1 MB.
Total: 10.544458 ms (FindLiveObjects: 0.533042 ms CreateObjectMapping: 1.764542 ms MarkObjects: 6.546416 ms  DeleteObjects: 1.698625 ms)

Prepare: number of updated asset objects reloaded= 0
========================================================================
Received Import Request.
  Time of request: 2026-08-11T06:55:22.070644Z
  Time since last request: 272.46641837499999 seconds.
  importAddress: GUID: 5b4f45bf97510445d80a8d3b4937bdf9 - Path: Assets/script/BulletsMovement.cs - Importer: PreviewImporter
Importing 'GUID: 5b4f45bf97510445d80a8d3b4937bdf9 - Path: Assets/script/BulletsMovement.cs - Importer: PreviewImporter' with importer (PreviewImporter)
Imported 'GUID: 5b4f45bf97510445d80a8d3b4937bdf9' -> (Import Result ID: '1566a77302e6ec678fa4f5df430344d5') in 0.023 seconds [static and dynamic dependencies]. Details - ImportResultOutputID=d1948e953f07203a498ffbb8a97f08bb DependenciesID=d1ac2b101de6ad36e9d3aeb4dd4f57f2 StaticDependenciesID=e19d09c11670e1d2d93a89c11d55e005 
Number of updated asset objects reloaded before import = 0
Number of asset objects unloaded after import = 0
========================================================================
Received Import Request.
  Time of request: 2026-08-11T06:56:41.077647Z
  Time since last request: 78.85520087499999 seconds.
  importAddress: GUID: 5b4f45bf97510445d80a8d3b4937bdf9 - Path: Assets/script/BulletsMovement.cs - Importer: ScriptedImporter/UnityEditor.QuickSearchModule:UnityEditor.Search:ASIAI0B
Importing 'GUID: 5b4f45bf97510445d80a8d3b4937bdf9 - Path: Assets/script/BulletsMovement.cs - Importer: ScriptedImporter/UnityEditor.QuickSearchModule:UnityEditor.Search:ASIAI0B' with importer (ScriptedImporter : UnityEditor.QuickSearchModule:UnityEditor.Search:ASIAI0B)
Imported 'GUID: 5b4f45bf97510445d80a8d3b4937bdf9' -> (Import Result ID: 'fc8f02e000d08a56bae34568033d4f90') in 0.095 seconds [static and dynamic dependencies]. Details - ImportResultOutputID=04a898c732f3686cd130a0c8eb01b08c DependenciesID=569000f68701916248ccfe3d9724c933 StaticDependenciesID=80a16ee85c45b7456613eb796035e4f1 
Number of updated asset objects reloaded before import = 0
Number of asset objects unloaded after import = 0
========================================================================
Received Prepare
AcceleratorClientConnectionCallback - disconnected - :0
WARNING: Shader Unsupported: 'Universal Render Pipeline/VR/SpatialMapping/Wireframe' - All subshaders removed
WARNING: Shader Did you use #pragma only_renderers and omit this platform?
WARNING: Shader If subshaders removal was intentional, you may have forgotten turning Fallback off?
Shader Hidden/ChartRasterizerHardware is not supported: GPU does not support conservative rasterization
Unloading 24 Unused Serialized files (Serialized files now loaded: 0)
Unloading 7347 unused Assets / (4.4 MB). Loaded Objects now: 8236.
Memory consumption went from 185.3 MB to 180.9 MB.
Total: 33.739625 ms (FindLiveObjects: 0.757875 ms CreateObjectMapping: 1.941042 ms MarkObjects: 28.968041 ms  DeleteObjects: 1.842708 ms)

Prepare: number of updated asset objects reloaded= 0
========================================================================
Received Import Request.
  Time of request: 2026-08-11T06:57:06.869964Z
  Time since last request: 25.679696541 seconds.
  importAddress: GUID: e35b2b627cb1b49a4b30c29075ffab5c - Path: Assets/script/ReloadZone.cs - Importer: PreviewImporter
Importing 'GUID: e35b2b627cb1b49a4b30c29075ffab5c - Path: Assets/script/ReloadZone.cs - Importer: PreviewImporter' with importer (PreviewImporter)
Imported 'GUID: e35b2b627cb1b49a4b30c29075ffab5c' -> (Import Result ID: 'ab2637ddc0169624416c69362a131df5') in 0.002 seconds [static and dynamic dependencies]. Details - ImportResultOutputID=611aac35d670774f740133519c7e480d DependenciesID=7740cac64cf438f2cb376cd5c6d947e0 StaticDependenciesID=18e591ef97b85ceb35395755c73e4b8f 
Number of updated asset objects reloaded before import = 0
Number of asset objects unloaded after import = 0
========================================================================
Received Import Request.
  Time of request: 2026-08-11T06:57:06.926706Z
  Time since last request: 0.045282666 seconds.
  importAddress: GUID: e35b2b627cb1b49a4b30c29075ffab5c - Path: Assets/script/ReloadZone.cs - Importer: ScriptedImporter/UnityEditor.QuickSearchModule:UnityEditor.Search:ASIAI0B
Importing 'GUID: e35b2b627cb1b49a4b30c29075ffab5c - Path: Assets/script/ReloadZone.cs - Importer: ScriptedImporter/UnityEditor.QuickSearchModule:UnityEditor.Search:ASIAI0B' with importer (ScriptedImporter : UnityEditor.QuickSearchModule:UnityEditor.Search:ASIAI0B)
Imported 'GUID: e35b2b627cb1b49a4b30c29075ffab5c' -> (Import Result ID: '9c7ef3b82c50a9eb92a8237e66c57ae0') in 0.008 seconds [static and dynamic dependencies]. Details - ImportResultOutputID=77cc90df75dcf9a27d41fa05a2ae73ef DependenciesID=1b732fa05ba142f6d7c80bba0bf5ab85 StaticDependenciesID=fb49ba3305f12456c3fcbfe3742b10c9 
Number of updated asset objects reloaded before import = 0
Number of asset objects unloaded after import = 0
========================================================================
Received Prepare
AcceleratorClientConnectionCallback - disconnected - :0
[Licensing::Client] Successfully resolved entitlement details
Begin MonoManager ReloadAssembly
Thread 0x16d243000 may have been prematurely finalized
Native extension for OSXStandalone target not found
Native extension for WebGL target not found
[Package Manager] Failed to launch server process. Reason: Unity was launched with the -noUpm command-line argument
[Package Manager] Unable to send message (not connected to server process).
[Package Manager] Cannot connect to Unity Package Manager local server
[Package Manager] Failed to launch server process. Reason: Unity was launched with the -noUpm command-line argument
[Package Manager] Unable to send message (not connected to server process).
[Package Manager] Cannot connect to Unity Package Manager local server
ScheduleIndexationOnStartup MainProcess:False IndexOnStartup:True
Mono: successfully reloaded assembly
- Finished resetting the current domain, in  0.660 seconds
Domain Reload Profiling: 1450ms
	BeginReloadAssembly (260ms)
		DisableScriptedObjects (23ms)
		CreateAndSetChildDomain (75ms)
	RebuildCommonClasses (6ms)
	RebuildNativeTypeToScriptingClass (13ms)
	initialDomainReloadingComplete (40ms)
	LoadAllAssembliesAndSetupDomain (469ms)
		LoadAssemblies (283ms)
		AnalyzeDomain (170ms)
			TypeCache.Refresh (14ms)
			BuildScriptInfoCaches (148ms)
			ResolveRequiredComponents (5ms)
	FinalizeReload (661ms)
		SetupLoadedEditorAssemblies (0ms)
			BeforeProcessingInitializeOnLoad (88ms)
			ProcessInitializeOnLoadAttributes (269ms)
			ProcessInitializeOnLoadMethodAttributes (76ms)
		AwakeInstancesAfterBackupRestoration (15ms)
WARNING: Shader Unsupported: 'Universal Render Pipeline/VR/SpatialMapping/Wireframe' - All subshaders removed
WARNING: Shader Did you use #pragma only_renderers and omit this platform?
WARNING: Shader If subshaders removal was intentional, you may have forgotten turning Fallback off?
Shader Hidden/ChartRasterizerHardware is not supported: GPU does not support conservative rasterization
Unloading 24 Unused Serialized files (Serialized files now loaded: 0)
Unloading 7362 unused Assets / (4.1 MB). Loaded Objects now: 8239.
Memory consumption went from 193.5 MB to 189.4 MB.
Total: 10.532625 ms (FindLiveObjects: 0.906292 ms CreateObjectMapping: 2.074041 ms MarkObjects: 5.586750 ms  DeleteObjects: 1.961291 ms)

Prepare: number of updated asset objects reloaded= 0
========================================================================
Received Prepare
AcceleratorClientConnectionCallback - disconnected - :0
[Licensing::Client] Successfully resolved entitlement details
Begin MonoManager ReloadAssembly
Thread 0x16d243000 may have been prematurely finalized
Native extension for OSXStandalone target not found
Native extension for WebGL target not found
[Package Manager] Failed to launch server process. Reason: Unity was launched with the -noUpm command-line argument
[Package Manager] Unable to send message (not connected to server process).
[Package Manager] Cannot connect to Unity Package Manager local server
[Package Manager] Failed to launch server process. Reason: Unity was launched with the -noUpm command-line argument
[Package Manager] Unable to send message (not connected to server process).
[Package Manager] Cannot connect to Unity Package Manager local server
ScheduleIndexationOnStartup MainProcess:False IndexOnStartup:True
Mono: successfully reloaded assembly
- Finished resetting the current domain, in  0.531 seconds
Domain Reload Profiling: 1216ms
	BeginReloadAssembly (208ms)
		DisableScriptedObjects (23ms)
		CreateAndSetChildDomain (58ms)
	RebuildCommonClasses (6ms)
	RebuildNativeTypeToScriptingClass (12ms)
	initialDomainReloadingComplete (35ms)
	LoadAllAssembliesAndSetupDomain (423ms)
		LoadAssemblies (245ms)
		AnalyzeDomain (141ms)
			TypeCache.Refresh (11ms)
			BuildScriptInfoCaches (124ms)
			ResolveRequiredComponents (3ms)
	FinalizeReload (532ms)
		SetupLoadedEditorAssemblies (0ms)
			BeforeProcessingInitializeOnLoad (64ms)
			ProcessInitializeOnLoadAttributes (227ms)
			ProcessInitializeOnLoadMethodAttributes (73ms)
		AwakeInstancesAfterBackupRestoration (13ms)
WARNING: Shader Unsupported: 'Universal Render Pipeline/VR/SpatialMapping/Wireframe' - All subshaders removed
WARNING: Shader Did you use #pragma only_renderers and omit this platform?
WARNING: Shader If subshaders removal was intentional, you may have forgotten turning Fallback off?
Shader Hidden/ChartRasterizerHardware is not supported: GPU does not support conservative rasterization
Unloading 24 Unused Serialized files (Serialized files now loaded: 0)
Unloading 7362 unused Assets / (4.7 MB). Loaded Objects now: 8242.
Memory consumption went from 196.0 MB to 191.4 MB.
Total: 9.982792 ms (FindLiveObjects: 0.737375 ms CreateObjectMapping: 1.820208 ms MarkObjects: 5.414209 ms  DeleteObjects: 1.830250 ms)

Prepare: number of updated asset objects reloaded= 0
========================================================================
Received Import Request.
  Time of request: 2026-08-11T06:58:17.01283Z
  Time since last request: 70.06755087499999 seconds.
  importAddress: GUID: e35b2b627cb1b49a4b30c29075ffab5c - Path: Assets/script/ReloadZone.cs - Importer: PreviewImporter
Importing 'GUID: e35b2b627cb1b49a4b30c29075ffab5c - Path: Assets/script/ReloadZone.cs - Importer: PreviewImporter' with importer (PreviewImporter)
Imported 'GUID: e35b2b627cb1b49a4b30c29075ffab5c' -> (Import Result ID: 'e8985314fc8dbbd4866d8cd9b363eba5') in 0.002 seconds [static and dynamic dependencies]. Details - ImportResultOutputID=611aac35d670774f740133519c7e480d DependenciesID=d99ccef7281ae17f4a10adfc1dfb2e07 StaticDependenciesID=82d18194d30c347b6e814c54c009d161 
Number of updated asset objects reloaded before import = 0
Number of asset objects unloaded after import = 0
========================================================================
Received Import Request.
  Time of request: 2026-08-11T07:09:07.612414Z
  Time since last request: 650.58270004200006 seconds.
  importAddress: GUID: f0260f1b5bcbc4708965dde4ead53ac2 - Path: Assets/script/EnemyChase.cs - Importer: PreviewImporter
Importing 'GUID: f0260f1b5bcbc4708965dde4ead53ac2 - Path: Assets/script/EnemyChase.cs - Importer: PreviewImporter' with importer (PreviewImporter)
Imported 'GUID: f0260f1b5bcbc4708965dde4ead53ac2' -> (Import Result ID: '247c33b9338c916b50d471ba0216590d') in 0.010 seconds [static and dynamic dependencies]. Details - ImportResultOutputID=c322693b11b9b1c4925de78a32d3ddf1 DependenciesID=1b0a1e4c3f5eef566184752c0ecf5f0f StaticDependenciesID=e12f08c8151e4fdef4d57797deb9906c 
Number of updated asset objects reloaded before import = 0
Number of asset objects unloaded after import = 0
========================================================================
Received Prepare
AcceleratorClientConnectionCallback - disconnected - :0
[Licensing::Client] Successfully resolved entitlement details
Begin MonoManager ReloadAssembly
Thread 0x16fa33000 may have been prematurely finalized
Native extension for OSXStandalone target not found
Native extension for WebGL target not found
[Package Manager] Failed to launch server process. Reason: Unity was launched with the -noUpm command-line argument
[Package Manager] Unable to send message (not connected to server process).
[Package Manager] Cannot connect to Unity Package Manager local server
[Package Manager] Failed to launch server process. Reason: Unity was launched with the -noUpm command-line argument
[Package Manager] Unable to send message (not connected to server process).
[Package Manager] Cannot connect to Unity Package Manager local server
ScheduleIndexationOnStartup MainProcess:False IndexOnStartup:True
Mono: successfully reloaded assembly
- Finished resetting the current domain, in  0.488 seconds
Domain Reload Profiling: 1165ms
	BeginReloadAssembly (185ms)
		DisableScriptedObjects (19ms)
		CreateAndSetChildDomain (45ms)
	RebuildCommonClasses (6ms)
	RebuildNativeTypeToScriptingClass (12ms)
	initialDomainReloadingComplete (39ms)
	LoadAllAssembliesAndSetupDomain (434ms)
		LoadAssemblies (259ms)
		AnalyzeDomain (147ms)
			TypeCache.Refresh (11ms)
			BuildScriptInfoCaches (129ms)
			ResolveRequiredComponents (3ms)
	FinalizeReload (488ms)
		SetupLoadedEditorAssemblies (0ms)
			BeforeProcessingInitializeOnLoad (59ms)
			ProcessInitializeOnLoadAttributes (204ms)
			ProcessInitializeOnLoadMethodAttributes (69ms)
		AwakeInstancesAfterBackupRestoration (13ms)
WARNING: Shader Unsupported: 'Universal Render Pipeline/VR/SpatialMapping/Wireframe' - All subshaders removed
WARNING: Shader Did you use #pragma only_renderers and omit this platform?
WARNING: Shader If subshaders removal was intentional, you may have forgotten turning Fallback off?
Shader Hidden/ChartRasterizerHardware is not supported: GPU does not support conservative rasterization
Unloading 24 Unused Serialized files (Serialized files now loaded: 0)
Unloading 7362 unused Assets / (5.6 MB). Loaded Objects now: 8245.
Memory consumption went from 198.5 MB to 192.9 MB.
Total: 9.412750 ms (FindLiveObjects: 0.651959 ms CreateObjectMapping: 1.735625 ms MarkObjects: 5.104708 ms  DeleteObjects: 1.740542 ms)

Prepare: number of updated asset objects reloaded= 0
========================================================================
Received Prepare
AcceleratorClientConnectionCallback - disconnected - :0
WARNING: Shader Unsupported: 'Universal Render Pipeline/VR/SpatialMapping/Wireframe' - All subshaders removed
WARNING: Shader Did you use #pragma only_renderers and omit this platform?
WARNING: Shader If subshaders removal was intentional, you may have forgotten turning Fallback off?
Shader Hidden/ChartRasterizerHardware is not supported: GPU does not support conservative rasterization
Unloading 24 Unused Serialized files (Serialized files now loaded: 0)
Unloading 24 unused Assets / (2.6 MB). Loaded Objects now: 8245.
Memory consumption went from 185.1 MB to 182.4 MB.
Total: 21.618208 ms (FindLiveObjects: 0.605041 ms CreateObjectMapping: 0.840375 ms MarkObjects: 18.832542 ms  DeleteObjects: 1.164917 ms)

Prepare: number of updated asset objects reloaded= 0
========================================================================
Received Import Request.
  Time of request: 2026-08-11T07:33:13.298503Z
  Time since last request: 1445.64595033399996 seconds.
  importAddress: GUID: 647d09f4e455840f2b693e08500dc54d - Path: Assets/script/Audio - Importer: PreviewImporter
Importing 'GUID: 647d09f4e455840f2b693e08500dc54d - Path: Assets/script/Audio - Importer: PreviewImporter' with importer (PreviewImporter)
Imported 'GUID: 647d09f4e455840f2b693e08500dc54d' -> (Import Result ID: 'ec81a9497cc25d1d51c8573f77dcad56') in 0.003 seconds [static and dynamic dependencies]. Details - ImportResultOutputID=8fdca52dd6640594c4be4d27db426d45 DependenciesID=271ce82b309b5a27e0505f34a2c568fc StaticDependenciesID=eb60bde6e32b020fd98e6cb3b1938cca 
Number of updated asset objects reloaded before import = 0
Number of asset objects unloaded after import = 0
========================================================================
Received Import Request.
  Time of request: 2026-08-11T07:33:13.782907Z
  Time since last request: 0.462214583 seconds.
  importAddress: GUID: f0260f1b5bcbc4708965dde4ead53ac2 - Path: Assets/script/EnemyChase.cs - Importer: ScriptedImporter/UnityEditor.QuickSearchModule:UnityEditor.Search:ASIAI0B
Importing 'GUID: f0260f1b5bcbc4708965dde4ead53ac2 - Path: Assets/script/EnemyChase.cs - Importer: ScriptedImporter/UnityEditor.QuickSearchModule:UnityEditor.Search:ASIAI0B' with importer (ScriptedImporter : UnityEditor.QuickSearchModule:UnityEditor.Search:ASIAI0B)
Imported 'GUID: f0260f1b5bcbc4708965dde4ead53ac2' -> (Import Result ID: '2e21c72574e78dba1f450044cb6f74f6') in 0.076 seconds [static and dynamic dependencies]. Details - ImportResultOutputID=1a79109963f9391b6b15f4944d7269a8 DependenciesID=cacb83ccd591296848537572c658d6d6 StaticDependenciesID=4af4552127b693e669d21ae953ac0a0b 
Number of updated asset objects reloaded before import = 0
Number of asset objects unloaded after import = 0
========================================================================
Received Import Request.
  Time of request: 2026-08-11T07:33:13.869611Z
  Time since last request: 0.000821375 seconds.
  importAddress: GUID: 2df3c1572f2a5482481c4a32a6e97b46 - Path: Assets/script/Sprite/Quit Button.png - Importer: ScriptedImporter/UnityEditor.QuickSearchModule:UnityEditor.Search:ASIAI0B
Importing 'GUID: 2df3c1572f2a5482481c4a32a6e97b46 - Path: Assets/script/Sprite/Quit Button.png - Importer: ScriptedImporter/UnityEditor.QuickSearchModule:UnityEditor.Search:ASIAI0B' with importer (ScriptedImporter : UnityEditor.QuickSearchModule:UnityEditor.Search:ASIAI0B)
Imported 'GUID: 2df3c1572f2a5482481c4a32a6e97b46' -> (Import Result ID: '7fd19b3b2b9c077943bc0c2abb4d258c') in 0.045 seconds [static and dynamic dependencies]. Details - ImportResultOutputID=90a119841a81d0b33f86869105d8a358 DependenciesID=e673c96362d4107a836011f4b9621c87 StaticDependenciesID=0267b8a11ba575830bf88f585d327012 
Number of updated asset objects reloaded before import = 0
Number of asset objects unloaded after import = 10
========================================================================
Received Import Request.
  Time of request: 2026-08-11T07:33:13.926404Z
  Time since last request: 0.00014025 seconds.
  importAddress: GUID: 647d09f4e455840f2b693e08500dc54d - Path: Assets/script/Audio - Importer: ScriptedImporter/UnityEditor.QuickSearchModule:UnityEditor.Search:ASIAI0B
Importing 'GUID: 647d09f4e455840f2b693e08500dc54d - Path: Assets/script/Audio - Importer: ScriptedImporter/UnityEditor.QuickSearchModule:UnityEditor.Search:ASIAI0B' with importer (ScriptedImporter : UnityEditor.QuickSearchModule:UnityEditor.Search:ASIAI0B)
Imported 'GUID: 647d09f4e455840f2b693e08500dc54d' -> (Import Result ID: '26c113440ab8da18f6b10f2b4990906a') in 0.002 seconds [static and dynamic dependencies]. Details - ImportResultOutputID=3efecec7f8bc1bc3cc836c81c00f5ae9 DependenciesID=280a09b2b224b7b99697f098f8fa7b61 StaticDependenciesID=ddfdde532b3975df7015b3c16a0f0cdf 
Number of updated asset objects reloaded before import = 0
Number of asset objects unloaded after import = 1
========================================================================
Received Import Request.
  Time of request: 2026-08-11T07:33:13.939271Z
  Time since last request: 0.000448625 seconds.
  importAddress: GUID: 8e89c347b42b34c3fa118363e864f42b - Path: Assets/script/Audio/Background-Sound.wav - Importer: ScriptedImporter/UnityEditor.QuickSearchModule:UnityEditor.Search:ASIAI0B
Importing 'GUID: 8e89c347b42b34c3fa118363e864f42b - Path: Assets/script/Audio/Background-Sound.wav - Importer: ScriptedImporter/UnityEditor.QuickSearchModule:UnityEditor.Search:ASIAI0B' with importer (ScriptedImporter : UnityEditor.QuickSearchModule:UnityEditor.Search:ASIAI0B)
Imported 'GUID: 8e89c347b42b34c3fa118363e864f42b' -> (Import Result ID: '091c98843385c8b35cd1f55235d6beaf') in 0.006 seconds [static and dynamic dependencies]. Details - ImportResultOutputID=4c29fb3c5a0c753ae5927de2f549c57d DependenciesID=1a658a16b257c40d99bf85fa6481ae25 StaticDependenciesID=5b9b3d797fc3f1c64e2b4a8c646e28b0 
Number of updated asset objects reloaded before import = 0
Number of asset objects unloaded after import = 1
========================================================================
Received Import Request.
  Time of request: 2026-08-11T07:33:13.955019Z
  Time since last request: 0.000220208 seconds.
  importAddress: GUID: 3d8b5b9d9067b4e0483c55452b2e2ac0 - Path: Assets/script/Sprite/Enemy2 open hands.png - Importer: ScriptedImporter/UnityEditor.QuickSearchModule:UnityEditor.Search:ASIAI0B
Importing 'GUID: 3d8b5b9d9067b4e0483c55452b2e2ac0 - Path: Assets/script/Sprite/Enemy2 open hands.png - Importer: ScriptedImporter/UnityEditor.QuickSearchModule:UnityEditor.Search:ASIAI0B' with importer (ScriptedImporter : UnityEditor.QuickSearchModule:UnityEditor.Search:ASIAI0B)
Imported 'GUID: 3d8b5b9d9067b4e0483c55452b2e2ac0' -> (Import Result ID: '3684d04403cecd785e5adbd8f7535eaf') in 0.011 seconds [static and dynamic dependencies]. Details - ImportResultOutputID=828870f28a9b958ac4ee7463df884d7d DependenciesID=aba009dfc03a74f4913275cbbe35c7a2 StaticDependenciesID=1e865ff9deadb75f6239800c5fa885ec 
Number of updated asset objects reloaded before import = 0
Number of asset objects unloaded after import = 3
========================================================================
Received Import Request.
  Time of request: 2026-08-11T07:33:13.976508Z
  Time since last request: 0.0010715 seconds.
  importAddress: GUID: 4b54c886e715b407aa61689e1abb426b - Path: Assets/script/Sprite/main menu.png - Importer: ScriptedImporter/UnityEditor.QuickSearchModule:UnityEditor.Search:ASIAI0B
Importing 'GUID: 4b54c886e715b407aa61689e1abb426b - Path: Assets/script/Sprite/main menu.png - Importer: ScriptedImporter/UnityEditor.QuickSearchModule:UnityEditor.Search:ASIAI0B' with importer (ScriptedImporter : UnityEditor.QuickSearchModule:UnityEditor.Search:ASIAI0B)
Imported 'GUID: 4b54c886e715b407aa61689e1abb426b' -> (Import Result ID: 'ddf3118478803bb393c3643dfcffe8f8') in 0.014 seconds [static and dynamic dependencies]. Details - ImportResultOutputID=119abc866d019bf4c6b10b5793557002 DependenciesID=210e5cf39210d51758899f467c24adf0 StaticDependenciesID=fdbc9a8a25f5fe3680caa290794ea5d6 
Number of updated asset objects reloaded before import = 0
Number of asset objects unloaded after import = 3
========================================================================
Received Import Request.
  Time of request: 2026-08-11T07:33:14.000664Z
  Time since last request: 0.000808583 seconds.
  importAddress: GUID: e59950f9fbb17450c96d022d84ae953a - Path: Assets/script/Audio/Click Button.wav - Importer: ScriptedImporter/UnityEditor.QuickSearchModule:UnityEditor.Search:ASIAI0B
Importing 'GUID: e59950f9fbb17450c96d022d84ae953a - Path: Assets/script/Audio/Click Button.wav - Importer: ScriptedImporter/UnityEditor.QuickSearchModule:UnityEditor.Search:ASIAI0B' with importer (ScriptedImporter : UnityEditor.QuickSearchModule:UnityEditor.Search:ASIAI0B)
Imported 'GUID: e59950f9fbb17450c96d022d84ae953a' -> (Import Result ID: 'bbc547d0e18e3e2f6869b2c035d4e2cf') in 0.002 seconds [static and dynamic dependencies]. Details - ImportResultOutputID=1d0a90190efb8516c097d857cd995103 DependenciesID=ee43bd76fcd75ab78940c82a883149c3 StaticDependenciesID=e268dac9d0313644eff7a7ec905fc528 
Number of updated asset objects reloaded before import = 0
Number of asset objects unloaded after import = 1
========================================================================
Received Import Request.
  Time of request: 2026-08-11T07:33:14.012877Z
  Time since last request: 0.0003285 seconds.
  importAddress: GUID: 46dba38e1b7484dfdb374f8a1af5d47f - Path: Assets/script/Sprite/Enemy2.png - Importer: ScriptedImporter/UnityEditor.QuickSearchModule:UnityEditor.Search:ASIAI0B
Importing 'GUID: 46dba38e1b7484dfdb374f8a1af5d47f - Path: Assets/script/Sprite/Enemy2.png - Importer: ScriptedImporter/UnityEditor.QuickSearchModule:UnityEditor.Search:ASIAI0B' with importer (ScriptedImporter : UnityEditor.QuickSearchModule:UnityEditor.Search:ASIAI0B)
Imported 'GUID: 46dba38e1b7484dfdb374f8a1af5d47f' -> (Import Result ID: '81a98ad7cf2aad8c442956fc01c62a8e') in 0.010 seconds [static and dynamic dependencies]. Details - ImportResultOutputID=2926f40fb068e2d463c992f567f1dea2 DependenciesID=6c45e4219db13c3c5cefebd07b4296ef StaticDependenciesID=ffc66848b24ccecfee88e406ce329417 
Number of updated asset objects reloaded before import = 0
Number of asset objects unloaded after import = 3
========================================================================
Received Import Request.
  Time of request: 2026-08-11T07:33:14.032033Z
  Time since last request: 0.000420333 seconds.
  importAddress: GUID: a0a37859c87214d95be275c455ca1710 - Path: Assets/script/Audio/Enemy.wav - Importer: ScriptedImporter/UnityEditor.QuickSearchModule:UnityEditor.Search:ASIAI0B
Importing 'GUID: a0a37859c87214d95be275c455ca1710 - Path: Assets/script/Audio/Enemy.wav - Importer: ScriptedImporter/UnityEditor.QuickSearchModule:UnityEditor.Search:ASIAI0B' with importer (ScriptedImporter : UnityEditor.QuickSearchModule:UnityEditor.Search:ASIAI0B)
Imported 'GUID: a0a37859c87214d95be275c455ca1710' -> (Import Result ID: '9af7e77d8d4177b30433208315caf87f') in 0.002 seconds [static and dynamic dependencies]. Details - ImportResultOutputID=5b9eed3df6069f90ba79da7ca5ad1816 DependenciesID=913b472a139380907270c97c74a6a9e3 StaticDependenciesID=ee617c5a574375dcb16e7694ab0c0949 
Number of updated asset objects reloaded before import = 0
Number of asset objects unloaded after import = 1
========================================================================
Received Import Request.
  Time of request: 2026-08-11T07:33:14.044208Z
  Time since last request: 0.000746083 seconds.
  importAddress: GUID: e35b2b627cb1b49a4b30c29075ffab5c - Path: Assets/script/ReloadZone.cs - Importer: ScriptedImporter/UnityEditor.QuickSearchModule:UnityEditor.Search:ASIAI0B
Importing 'GUID: e35b2b627cb1b49a4b30c29075ffab5c - Path: Assets/script/ReloadZone.cs - Importer: ScriptedImporter/UnityEditor.QuickSearchModule:UnityEditor.Search:ASIAI0B' with importer (ScriptedImporter : UnityEditor.QuickSearchModule:UnityEditor.Search:ASIAI0B)
Imported 'GUID: e35b2b627cb1b49a4b30c29075ffab5c' -> (Import Result ID: 'bb23220c93149bae857cb86d3b4e4a94') in 0.001 seconds [static and dynamic dependencies]. Details - ImportResultOutputID=18a71e85ddb41390458cf5a9c606a9e6 DependenciesID=8952f1e04aee1054a71373c5ffd37cae StaticDependenciesID=a90e55e17d89899bf93e7432281b7142 
Number of updated asset objects reloaded before import = 0
Number of asset objects unloaded after import = 0
========================================================================
Received Import Request.
  Time of request: 2026-08-11T07:33:14.056401Z
  Time since last request: 0.001321709 seconds.
  importAddress: GUID: ef5d88456c4e24248a0b13df9602f839 - Path: Assets/script/Sprite/Background.png - Importer: ScriptedImporter/UnityEditor.QuickSearchModule:UnityEditor.Search:ASIAI0B
Importing 'GUID: ef5d88456c4e24248a0b13df9602f839 - Path: Assets/script/Sprite/Background.png - Importer: ScriptedImporter/UnityEditor.QuickSearchModule:UnityEditor.Search:ASIAI0B' with importer (ScriptedImporter : UnityEditor.QuickSearchModule:UnityEditor.Search:ASIAI0B)
Imported 'GUID: ef5d88456c4e24248a0b13df9602f839' -> (Import Result ID: '0ba5961824786c5b9053fe52fdafcccf') in 0.009 seconds [static and dynamic dependencies]. Details - ImportResultOutputID=955a89fbc3941b7c9c5640451ec85a79 DependenciesID=055570733ee9169f559de6f649765489 StaticDependenciesID=4e67a954e07b61f1a868ef8d26a5d10a 
Number of updated asset objects reloaded before import = 0
Number of asset objects unloaded after import = 3
========================================================================
Received Import Request.
  Time of request: 2026-08-11T07:33:14.076658Z
  Time since last request: 0.001222125 seconds.
  importAddress: GUID: b73ec0869d1a7405a8dea5a59dd6305f - Path: Assets/script/Audio/pain.wav - Importer: ScriptedImporter/UnityEditor.QuickSearchModule:UnityEditor.Search:ASIAI0B
Importing 'GUID: b73ec0869d1a7405a8dea5a59dd6305f - Path: Assets/script/Audio/pain.wav - Importer: ScriptedImporter/UnityEditor.QuickSearchModule:UnityEditor.Search:ASIAI0B' with importer (ScriptedImporter : UnityEditor.QuickSearchModule:UnityEditor.Search:ASIAI0B)
Imported 'GUID: b73ec0869d1a7405a8dea5a59dd6305f' -> (Import Result ID: '01daa9cffc3c315ea9306ea703bdeb6c') in 0.003 seconds [static and dynamic dependencies]. Details - ImportResultOutputID=1fb1f39eccf6738c5c461c8eef262a76 DependenciesID=b0a72748f515f193d8bc3cad5731e6eb StaticDependenciesID=5bd9a6d1c1906603cecb1dbe427d80a4 
Number of updated asset objects reloaded before import = 0
Number of asset objects unloaded after import = 1
========================================================================
Received Import Request.
  Time of request: 2026-08-11T07:33:14.09025Z
  Time since last request: 0.000747583 seconds.
  importAddress: GUID: 98a5cf23be2bb49d18f69818e783fc81 - Path: Assets/script/Sprite/Enemy1.png - Importer: ScriptedImporter/UnityEditor.QuickSearchModule:UnityEditor.Search:ASIAI0B
Importing 'GUID: 98a5cf23be2bb49d18f69818e783fc81 - Path: Assets/script/Sprite/Enemy1.png - Importer: ScriptedImporter/UnityEditor.QuickSearchModule:UnityEditor.Search:ASIAI0B' with importer (ScriptedImporter : UnityEditor.QuickSearchModule:UnityEditor.Search:ASIAI0B)
Imported 'GUID: 98a5cf23be2bb49d18f69818e783fc81' -> (Import Result ID: '1ad56ed5d549013b012d4c76be00b639') in 0.010 seconds [static and dynamic dependencies]. Details - ImportResultOutputID=7d84d4d6beb361809dcf59f1649775be DependenciesID=bfaa5a16b13b1d0ebe4b0265d1e47a7a StaticDependenciesID=d917a47f1d940c30436910353b89ab29 
Number of updated asset objects reloaded before import = 0
Number of asset objects unloaded after import = 3
========================================================================
Received Import Request.
  Time of request: 2026-08-11T07:33:14.11036Z
  Time since last request: 0.000614375 seconds.
  importAddress: GUID: d1ec3d965be81469e89e5ecfee898198 - Path: Assets/script/Audio/Gun.ogg - Importer: ScriptedImporter/UnityEditor.QuickSearchModule:UnityEditor.Search:ASIAI0B
Importing 'GUID: d1ec3d965be81469e89e5ecfee898198 - Path: Assets/script/Audio/Gun.ogg - Importer: ScriptedImporter/UnityEditor.QuickSearchModule:UnityEditor.Search:ASIAI0B' with importer (ScriptedImporter : UnityEditor.QuickSearchModule:UnityEditor.Search:ASIAI0B)
Imported 'GUID: d1ec3d965be81469e89e5ecfee898198' -> (Import Result ID: '17de53b2c14d058bc0c44f49097b3882') in 0.005 seconds [static and dynamic dependencies]. Details - ImportResultOutputID=5ad1893e69c091106cd8e34a97939410 DependenciesID=1c542396dc3425c50e963926b4f2d44c StaticDependenciesID=ac9c6a946f316e5481b491db4f791120 
Number of updated asset objects reloaded before import = 0
Number of asset objects unloaded after import = 1
========================================================================
Received Import Request.
  Time of request: 2026-08-11T07:33:26.652666Z
  Time since last request: 12.52771375 seconds.
  importAddress: GUID: 5a4af9ddfd42b489291ff3ad379eccc4 - Path: Assets/script/Audio/Background-GamePlay.wav - Importer: PreviewImporter
Importing 'GUID: 5a4af9ddfd42b489291ff3ad379eccc4 - Path: Assets/script/Audio/Background-GamePlay.wav - Importer: PreviewImporter' with importer (PreviewImporter)
Imported 'GUID: 5a4af9ddfd42b489291ff3ad379eccc4' -> (Import Result ID: 'f539cf64525d0a028063cd31aec42a3b') in 0.222 seconds [static and dynamic dependencies]. Details - ImportResultOutputID=561a8ce6163ff31735fa9cadc72f0f59 DependenciesID=8c6e6f438be116ad4c69130c2aca1a0b StaticDependenciesID=f35122599b0b6a983ead58c7dd722b70 
Number of updated asset objects reloaded before import = 0
Number of asset objects unloaded after import = 2
========================================================================
Received Import Request.
  Time of request: 2026-08-11T07:33:26.887518Z
  Time since last request: 0.000035834 seconds.
  importAddress: GUID: a0a37859c87214d95be275c455ca1710 - Path: Assets/script/Audio/Enemy.wav - Importer: PreviewImporter
Importing 'GUID: a0a37859c87214d95be275c455ca1710 - Path: Assets/script/Audio/Enemy.wav - Importer: PreviewImporter' with importer (PreviewImporter)
Imported 'GUID: a0a37859c87214d95be275c455ca1710' -> (Import Result ID: '168d48c07969677fc75b1ab7d0e1b778') in 0.004 seconds [static and dynamic dependencies]. Details - ImportResultOutputID=c8bc0e0c4dbf5f9ee358d838a2f19ec6 DependenciesID=93cb19a5a0d57030ba65298bbc250935 StaticDependenciesID=b7c18e39d753a93eb94a4ed4fc93be81 
Number of updated asset objects reloaded before import = 0
Number of asset objects unloaded after import = 2
========================================================================
Received Import Request.
  Time of request: 2026-08-11T07:33:26.904671Z
  Time since last request: 0.000289583 seconds.
  importAddress: GUID: d1ec3d965be81469e89e5ecfee898198 - Path: Assets/script/Audio/Gun.ogg - Importer: PreviewImporter
Importing 'GUID: d1ec3d965be81469e89e5ecfee898198 - Path: Assets/script/Audio/Gun.ogg - Importer: PreviewImporter' with importer (PreviewImporter)
Imported 'GUID: d1ec3d965be81469e89e5ecfee898198' -> (Import Result ID: 'a7cb179339cd64493472f671a65a7bc2') in 0.004 seconds [static and dynamic dependencies]. Details - ImportResultOutputID=e383099dd52c50904adbe26a694abfef DependenciesID=5e70fee4abe248d2710edc698f5b141f StaticDependenciesID=d4ae089ed542197120730509b4a2bc48 
Number of updated asset objects reloaded before import = 0
Number of asset objects unloaded after import = 2
========================================================================
Received Import Request.
  Time of request: 2026-08-11T07:33:26.918646Z
  Time since last request: 0.000615875 seconds.
  importAddress: GUID: b73ec0869d1a7405a8dea5a59dd6305f - Path: Assets/script/Audio/pain.wav - Importer: PreviewImporter
Importing 'GUID: b73ec0869d1a7405a8dea5a59dd6305f - Path: Assets/script/Audio/pain.wav - Importer: PreviewImporter' with importer (PreviewImporter)
Imported 'GUID: b73ec0869d1a7405a8dea5a59dd6305f' -> (Import Result ID: '2b995c9fcad555d01552c75f56ed8ab4') in 0.004 seconds [static and dynamic dependencies]. Details - ImportResultOutputID=e140e24ae642c8f9d3ad62b187843494 DependenciesID=a2cffdb7823f8b3374a5f8430b35160a StaticDependenciesID=03a2d2a0782d687460ae3566d7c89821 
Number of updated asset objects reloaded before import = 0
Number of asset objects unloaded after import = 2
========================================================================
Received Import Request.
  Time of request: 2026-08-11T07:33:26.932775Z
  Time since last request: 0.000576833 seconds.
  importAddress: GUID: e59950f9fbb17450c96d022d84ae953a - Path: Assets/script/Audio/Click Button.wav - Importer: PreviewImporter
Importing 'GUID: e59950f9fbb17450c96d022d84ae953a - Path: Assets/script/Audio/Click Button.wav - Importer: PreviewImporter' with importer (PreviewImporter)
Imported 'GUID: e59950f9fbb17450c96d022d84ae953a' -> (Import Result ID: 'cb786123c00934d970dc1a1b134f5459') in 0.005 seconds [static and dynamic dependencies]. Details - ImportResultOutputID=e4be680e9c70fa8d57d84fc8b9c911d6 DependenciesID=d74c0a06f683be3cdf702d47589534ea StaticDependenciesID=5a42f46737455d250c8a0a8d08e6fdd5 
Number of updated asset objects reloaded before import = 0
Number of asset objects unloaded after import = 2
========================================================================
Received Import Request.
  Time of request: 2026-08-11T07:33:26.948105Z
  Time since last request: 0.000671833 seconds.
  importAddress: GUID: 8e89c347b42b34c3fa118363e864f42b - Path: Assets/script/Audio/Background-Sound.wav - Importer: PreviewImporter
Importing 'GUID: 8e89c347b42b34c3fa118363e864f42b - Path: Assets/script/Audio/Background-Sound.wav - Importer: PreviewImporter' with importer (PreviewImporter)
Imported 'GUID: 8e89c347b42b34c3fa118363e864f42b' -> (Import Result ID: '62e280f0f5e8c1cbc4ecab5b34fc0b45') in 0.003 seconds [static and dynamic dependencies]. Details - ImportResultOutputID=a1a941ebd78765a0ad72ecce9d85c8ed DependenciesID=9ea9cf5fb4966a4286be9d5184982c05 StaticDependenciesID=44ac94d251d451e73d4aa868020b1238 
Number of updated asset objects reloaded before import = 0
Number of asset objects unloaded after import = 2
========================================================================
Received Import Request.
  Time of request: 2026-08-11T07:33:26.961172Z
  Time since last request: 0.000405375 seconds.
  importAddress: GUID: 90be4a4e17309406782e5c86022e4ea4 - Path: Assets/script/Audio/Reload.wav - Importer: PreviewImporter
Importing 'GUID: 90be4a4e17309406782e5c86022e4ea4 - Path: Assets/script/Audio/Reload.wav - Importer: PreviewImporter' with importer (PreviewImporter)
Imported 'GUID: 90be4a4e17309406782e5c86022e4ea4' -> (Import Result ID: '91c09f6a485d83cbffc596ff465bfd5b') in 0.003 seconds [static and dynamic dependencies]. Details - ImportResultOutputID=60cb51f816de4a15ee1bafd54a33faa0 DependenciesID=83580d7c7e69e2a50e202d9e53222e79 StaticDependenciesID=b660ffc5c6088e8b659e1ebc2431b583 
Number of updated asset objects reloaded before import = 0
Number of asset objects unloaded after import = 2
========================================================================
Received Import Request.
  Time of request: 2026-08-11T07:33:50.016297Z
  Time since last request: 23.041560917 seconds.
  importAddress: GUID: 45a966de5dee74906bbe4199f0c2a9d4 - Path: Assets/script/Sprite - Importer: PreviewImporter
Importing 'GUID: 45a966de5dee74906bbe4199f0c2a9d4 - Path: Assets/script/Sprite - Importer: PreviewImporter' with importer (PreviewImporter)
Imported 'GUID: 45a966de5dee74906bbe4199f0c2a9d4' -> (Import Result ID: '872c873f763b583391a1bd4a157efe31') in 0.001 seconds [static and dynamic dependencies]. Details - ImportResultOutputID=eb7bf86406bcfa1a826ad1c64f550313 DependenciesID=39b525ff917e0dc29ae0c548f9c31fd9 StaticDependenciesID=6f699c883beb01396b2f19a446f49f57 
Number of updated asset objects reloaded before import = 0
Number of asset objects unloaded after import = 0
========================================================================
Received Import Request.
  Time of request: 2026-08-11T07:34:03.007745Z
  Time since last request: 12.978351709 seconds.
  importAddress: GUID: 5dfcfc95f83144a34a1da268a9a9bd51 - Path: Assets/Audio/Click Button.wav - Importer: ScriptedImporter/UnityEditor.QuickSearchModule:UnityEditor.Search:ASIAI0B
Importing 'GUID: 5dfcfc95f83144a34a1da268a9a9bd51 - Path: Assets/Audio/Click Button.wav - Importer: ScriptedImporter/UnityEditor.QuickSearchModule:UnityEditor.Search:ASIAI0B' with importer (ScriptedImporter : UnityEditor.QuickSearchModule:UnityEditor.Search:ASIAI0B)
Imported 'GUID: 5dfcfc95f83144a34a1da268a9a9bd51' -> (Import Result ID: '5fdbf0ff87853267fda1bc3cefd65776') in 0.023 seconds [static and dynamic dependencies]. Details - ImportResultOutputID=c05df8cff93532a6f76808f947817bdc DependenciesID=14c9e21b64f611592d8f063b84756835 StaticDependenciesID=e87310a53f45cfea1175278010651fa7 
Number of updated asset objects reloaded before import = 0
Number of asset objects unloaded after import = 1
========================================================================
Received Import Request.
  Time of request: 2026-08-11T07:34:03.055489Z
  Time since last request: 0.000767375 seconds.
  importAddress: GUID: 21214b2bf0974462dba916d0b51224cb - Path: Assets/Audio/Background-MainMenu.wav - Importer: ScriptedImporter/UnityEditor.QuickSearchModule:UnityEditor.Search:ASIAI0B
Importing 'GUID: 21214b2bf0974462dba916d0b51224cb - Path: Assets/Audio/Background-MainMenu.wav - Importer: ScriptedImporter/UnityEditor.QuickSearchModule:UnityEditor.Search:ASIAI0B' with importer (ScriptedImporter : UnityEditor.QuickSearchModule:UnityEditor.Search:ASIAI0B)
Imported 'GUID: 21214b2bf0974462dba916d0b51224cb' -> (Import Result ID: 'e76499d26fc39a73afe044a04dca9f95') in 0.003 seconds [static and dynamic dependencies]. Details - ImportResultOutputID=7056adfb0def8acb6bf40d20f56cde60 DependenciesID=cb2557988eee9edc46141a9a41d95446 StaticDependenciesID=df29b0e18a6610b2a50a809aa8527934 
Number of updated asset objects reloaded before import = 0
Number of asset objects unloaded after import = 1
========================================================================
Received Import Request.
  Time of request: 2026-08-11T07:34:03.070412Z
  Time since last request: 0.001315959 seconds.
  importAddress: GUID: 2bfa7fe0676e4452c82259cc00006bbd - Path: Assets/Audio/Gun.ogg - Importer: ScriptedImporter/UnityEditor.QuickSearchModule:UnityEditor.Search:ASIAI0B
Importing 'GUID: 2bfa7fe0676e4452c82259cc00006bbd - Path: Assets/Audio/Gun.ogg - Importer: ScriptedImporter/UnityEditor.QuickSearchModule:UnityEditor.Search:ASIAI0B' with importer (ScriptedImporter : UnityEditor.QuickSearchModule:UnityEditor.Search:ASIAI0B)
Imported 'GUID: 2bfa7fe0676e4452c82259cc00006bbd' -> (Import Result ID: '6bfd7fecf56be8449887844a46a5259c') in 0.003 seconds [static and dynamic dependencies]. Details - ImportResultOutputID=31821c94888e1df424182d7fa92277fe DependenciesID=1d21543679a6bf8a7b12094c567577dc StaticDependenciesID=b93a8091a03f7ce2b06ee50d79a67823 
Number of updated asset objects reloaded before import = 0
Number of asset objects unloaded after import = 1
========================================================================
Received Import Request.
  Time of request: 2026-08-11T07:34:03.083357Z
  Time since last request: 0.000400834 seconds.
  importAddress: GUID: 416c4dd3f62bd4adb8dd22555e817325 - Path: Assets/Audio/Reload.wav - Importer: ScriptedImporter/UnityEditor.QuickSearchModule:UnityEditor.Search:ASIAI0B
Importing 'GUID: 416c4dd3f62bd4adb8dd22555e817325 - Path: Assets/Audio/Reload.wav - Importer: ScriptedImporter/UnityEditor.QuickSearchModule:UnityEditor.Search:ASIAI0B' with importer (ScriptedImporter : UnityEditor.QuickSearchModule:UnityEditor.Search:ASIAI0B)
Imported 'GUID: 416c4dd3f62bd4adb8dd22555e817325' -> (Import Result ID: '1c133ac28a4ed1fb3e15dd21a5712cde') in 0.003 seconds [static and dynamic dependencies]. Details - ImportResultOutputID=f251e7b8d91f4f185f0fd210e8af4b37 DependenciesID=2ae4883ccd701660d8c60a2530c4b7be StaticDependenciesID=e8cdbce69bdc43d840ed97bce06432cb 
Number of updated asset objects reloaded before import = 0
Number of asset objects unloaded after import = 1
========================================================================
Received Import Request.
  Time of request: 2026-08-11T07:34:03.095624Z
  Time since last request: 0.000247333 seconds.
  importAddress: GUID: 7ff3d0ae127be45b898732ce02aae2e7 - Path: Assets/Audio/Background-Sound.wav - Importer: ScriptedImporter/UnityEditor.QuickSearchModule:UnityEditor.Search:ASIAI0B
Importing 'GUID: 7ff3d0ae127be45b898732ce02aae2e7 - Path: Assets/Audio/Background-Sound.wav - Importer: ScriptedImporter/UnityEditor.QuickSearchModule:UnityEditor.Search:ASIAI0B' with importer (ScriptedImporter : UnityEditor.QuickSearchModule:UnityEditor.Search:ASIAI0B)
Imported 'GUID: 7ff3d0ae127be45b898732ce02aae2e7' -> (Import Result ID: 'b9ba9df35ddb48d56f52183b8d5d9583') in 0.002 seconds [static and dynamic dependencies]. Details - ImportResultOutputID=f0ec65ea14fb30ec7c849134ffb9e4e6 DependenciesID=de2ea211bc4e2fbcfba2ea039a7360be StaticDependenciesID=3ff9d2210d327e21e3f20ca638653ceb 
Number of updated asset objects reloaded before import = 0
Number of asset objects unloaded after import = 1
========================================================================
Received Import Request.
  Time of request: 2026-08-11T07:34:11.306344Z
  Time since last request: 8.200793084 seconds.
  importAddress: GUID: 1448f40a97dd140c5b28df34359541d6 - Path: Assets/Sprite/Background.png - Importer: ScriptedImporter/UnityEditor.QuickSearchModule:UnityEditor.Search:ASIAI0B
Importing 'GUID: 1448f40a97dd140c5b28df34359541d6 - Path: Assets/Sprite/Background.png - Importer: ScriptedImporter/UnityEditor.QuickSearchModule:UnityEditor.Search:ASIAI0B' with importer (ScriptedImporter : UnityEditor.QuickSearchModule:UnityEditor.Search:ASIAI0B)
Imported 'GUID: 1448f40a97dd140c5b28df34359541d6' -> (Import Result ID: '669a7c88e97c2f82dd991688b2aa0430') in 0.014 seconds [static and dynamic dependencies]. Details - ImportResultOutputID=9ee26cbf18d1bcaa5d1698a63c06976b DependenciesID=03a94f8b47cd9d1b692240b5c2b8eb3a StaticDependenciesID=7253fa9724c4cb06029011a3ab5f6dfd 
Number of updated asset objects reloaded before import = 0
Number of asset objects unloaded after import = 3
========================================================================
Received Import Request.
  Time of request: 2026-08-11T07:34:11.33668Z
  Time since last request: 0.000511541 seconds.
  importAddress: GUID: 4d8f579d4eaa44a8f91129fd4121addf - Path: Assets/Sprite - Importer: ScriptedImporter/UnityEditor.QuickSearchModule:UnityEditor.Search:ASIAI0B
Importing 'GUID: 4d8f579d4eaa44a8f91129fd4121addf - Path: Assets/Sprite - Importer: ScriptedImporter/UnityEditor.QuickSearchModule:UnityEditor.Search:ASIAI0B' with importer (ScriptedImporter : UnityEditor.QuickSearchModule:UnityEditor.Search:ASIAI0B)
Imported 'GUID: 4d8f579d4eaa44a8f91129fd4121addf' -> (Import Result ID: '2bd9f192d7e66f5a71673fbbedc9e6d1') in 0.002 seconds [static and dynamic dependencies]. Details - ImportResultOutputID=121d470a1bf29691b7ff9ae6d315540b DependenciesID=6f83ba374df0373fb00df7142f0d4b5c StaticDependenciesID=e28a1d101f87bb061dccd888432eb22f 
Number of updated asset objects reloaded before import = 0
Number of asset objects unloaded after import = 1
========================================================================
Received Import Request.
  Time of request: 2026-08-11T07:34:11.348162Z
  Time since last request: 0.000368209 seconds.
  importAddress: GUID: 725bbed9fa27a45c78442e60ff34c2f3 - Path: Assets/Sprite/main menu.png - Importer: ScriptedImporter/UnityEditor.QuickSearchModule:UnityEditor.Search:ASIAI0B
Importing 'GUID: 725bbed9fa27a45c78442e60ff34c2f3 - Path: Assets/Sprite/main menu.png - Importer: ScriptedImporter/UnityEditor.QuickSearchModule:UnityEditor.Search:ASIAI0B' with importer (ScriptedImporter : UnityEditor.QuickSearchModule:UnityEditor.Search:ASIAI0B)
Imported 'GUID: 725bbed9fa27a45c78442e60ff34c2f3' -> (Import Result ID: '8f0182e2dc0f2b825e0397dd68b07b22') in 0.011 seconds [static and dynamic dependencies]. Details - ImportResultOutputID=8d67d310b78703be7c4603b63ca1c2e8 DependenciesID=60a2892a1618426fc02be1482fac6479 StaticDependenciesID=a0fd2b3a27b828ca26b35c92f01c3bef 
Number of updated asset objects reloaded before import = 0
Number of asset objects unloaded after import = 3
========================================================================
Received Import Request.
  Time of request: 2026-08-11T07:34:11.369437Z
  Time since last request: 0.000769125 seconds.
  importAddress: GUID: 8224a6640a3634ed0becd2d7b6e96418 - Path: Assets/Sprite/Bullet.png - Importer: ScriptedImporter/UnityEditor.QuickSearchModule:UnityEditor.Search:ASIAI0B
Importing 'GUID: 8224a6640a3634ed0becd2d7b6e96418 - Path: Assets/Sprite/Bullet.png - Importer: ScriptedImporter/UnityEditor.QuickSearchModule:UnityEditor.Search:ASIAI0B' with importer (ScriptedImporter : UnityEditor.QuickSearchModule:UnityEditor.Search:ASIAI0B)
Imported 'GUID: 8224a6640a3634ed0becd2d7b6e96418' -> (Import Result ID: '9b3f38070a54639234683582db04a8c1') in 0.006 seconds [static and dynamic dependencies]. Details - ImportResultOutputID=01bafa0b81451147bd6c558c739ee1cb DependenciesID=1fadba420c392b5912ae326aa39b0043 StaticDependenciesID=b91cf477ce961aefe64430af1d86087c 
Number of updated asset objects reloaded before import = 0
Number of asset objects unloaded after import = 3
========================================================================
Received Import Request.
  Time of request: 2026-08-11T07:34:11.385563Z
  Time since last request: 0.000410625 seconds.
  importAddress: GUID: 34142b821300e4bb0803a750e6a0bb5e - Path: Assets/Sprite/Quit Button.png - Importer: ScriptedImporter/UnityEditor.QuickSearchModule:UnityEditor.Search:ASIAI0B
Importing 'GUID: 34142b821300e4bb0803a750e6a0bb5e - Path: Assets/Sprite/Quit Button.png - Importer: ScriptedImporter/UnityEditor.QuickSearchModule:UnityEditor.Search:ASIAI0B' with importer (ScriptedImporter : UnityEditor.QuickSearchModule:UnityEditor.Search:ASIAI0B)
Imported 'GUID: 34142b821300e4bb0803a750e6a0bb5e' -> (Import Result ID: 'fd6621618c89bf930fbd82dc86a95b21') in 0.007 seconds [static and dynamic dependencies]. Details - ImportResultOutputID=e2c500e65dc3613ddbe6129e7e528bed DependenciesID=76f76342d64700e0b9f806792790e5a1 StaticDependenciesID=1d417a57792a09da9686f0b8732934b5 
Number of updated asset objects reloaded before import = 0
Number of asset objects unloaded after import = 10
========================================================================
Received Import Request.
  Time of request: 2026-08-11T07:34:11.403133Z
  Time since last request: 0.000195583 seconds.
  importAddress: GUID: 066815658aade45f192955d2d5bbb470 - Path: Assets/Sprite/Enemy2 open hands.png - Importer: ScriptedImporter/UnityEditor.QuickSearchModule:UnityEditor.Search:ASIAI0B
Importing 'GUID: 066815658aade45f192955d2d5bbb470 - Path: Assets/Sprite/Enemy2 open hands.png - Importer: ScriptedImporter/UnityEditor.QuickSearchModule:UnityEditor.Search:ASIAI0B' with importer (ScriptedImporter : UnityEditor.QuickSearchModule:UnityEditor.Search:ASIAI0B)
Imported 'GUID: 066815658aade45f192955d2d5bbb470' -> (Import Result ID: '90cabfbb4d5af5064b445ab7aa59b71e') in 0.007 seconds [static and dynamic dependencies]. Details - ImportResultOutputID=6d4294464b01a17cd7c8c39afd0fc52c DependenciesID=21da0e8034caf1b447acaa19828e409d StaticDependenciesID=e97796bc192c13ee5e0226bc2028ec5a 
Number of updated asset objects reloaded before import = 0
Number of asset objects unloaded after import = 3
========================================================================
Received Import Request.
  Time of request: 2026-08-11T07:34:11.42227Z
  Time since last request: 0.000228458 seconds.
  importAddress: GUID: ba61ab026a0b34f99bd8471dd4e536df - Path: Assets/Sprite/Enemy2.png - Importer: ScriptedImporter/UnityEditor.QuickSearchModule:UnityEditor.Search:ASIAI0B
Importing 'GUID: ba61ab026a0b34f99bd8471dd4e536df - Path: Assets/Sprite/Enemy2.png - Importer: ScriptedImporter/UnityEditor.QuickSearchModule:UnityEditor.Search:ASIAI0B' with importer (ScriptedImporter : UnityEditor.QuickSearchModule:UnityEditor.Search:ASIAI0B)
Imported 'GUID: ba61ab026a0b34f99bd8471dd4e536df' -> (Import Result ID: 'b56c3bd9fd70e57c61c53d29af033908') in 0.006 seconds [static and dynamic dependencies]. Details - ImportResultOutputID=01ea9d2ffc6a38f94096f19b748cbe08 DependenciesID=d52b0cf6f1694e98c312a21d73137aea StaticDependenciesID=1b784c495339be3893d8952d728be575 
Number of updated asset objects reloaded before import = 0
Number of asset objects unloaded after import = 3
========================================================================
Received Import Request.
  Time of request: 2026-08-11T07:34:11.438393Z
  Time since last request: 0.000290125 seconds.
  importAddress: GUID: 996a020113fe94df7a80a1a5636101ae - Path: Assets/Sprite/Reload Zone.png - Importer: ScriptedImporter/UnityEditor.QuickSearchModule:UnityEditor.Search:ASIAI0B
Importing 'GUID: 996a020113fe94df7a80a1a5636101ae - Path: Assets/Sprite/Reload Zone.png - Importer: ScriptedImporter/UnityEditor.QuickSearchModule:UnityEditor.Search:ASIAI0B' with importer (ScriptedImporter : UnityEditor.QuickSearchModule:UnityEditor.Search:ASIAI0B)
Imported 'GUID: 996a020113fe94df7a80a1a5636101ae' -> (Import Result ID: '619987b549842633c9e62fef7a369481') in 0.006 seconds [static and dynamic dependencies]. Details - ImportResultOutputID=a1be6cb70c478043094efc47edc34111 DependenciesID=efabd07fe3812183f724abe79e7b2a74 StaticDependenciesID=4dadb9e18aac622d2e21f96c9f2d96f8 
Number of updated asset objects reloaded before import = 0
Number of asset objects unloaded after import = 3
========================================================================
Received Import Request.
  Time of request: 2026-08-11T07:34:12.780186Z
  Time since last request: 1.325868833 seconds.
  importAddress: GUID: f0ebbd1e592264156af9cb94b65a6db3 - Path: Assets/Audio - Importer: PreviewImporter
Importing 'GUID: f0ebbd1e592264156af9cb94b65a6db3 - Path: Assets/Audio - Importer: PreviewImporter' with importer (PreviewImporter)
Imported 'GUID: f0ebbd1e592264156af9cb94b65a6db3' -> (Import Result ID: 'd43f5b0a894e311ed41478f80f696622') in 0.001 seconds [static and dynamic dependencies]. Details - ImportResultOutputID=65edbaa15bfcea35ea52a952cc646967 DependenciesID=56062009bfe7d069d5de93eaa162f14c StaticDependenciesID=51546a66e38e418b133f26c93f563617 
Number of updated asset objects reloaded before import = 0
Number of asset objects unloaded after import = 0
========================================================================
Received Import Request.
  Time of request: 2026-08-11T07:34:12.798388Z
  Time since last request: 0.006571708 seconds.
  importAddress: GUID: df273191aa0084f858da489a619873bf - Path: Assets/Audio/Background-GamePlay.wav - Importer: PreviewImporter
Importing 'GUID: df273191aa0084f858da489a619873bf - Path: Assets/Audio/Background-GamePlay.wav - Importer: PreviewImporter' with importer (PreviewImporter)
Imported 'GUID: df273191aa0084f858da489a619873bf' -> (Import Result ID: '9c36daf6c823178f980ed7ddd70302ec') in 0.007 seconds [static and dynamic dependencies]. Details - ImportResultOutputID=72291838bb52da84be0042c4bfe83343 DependenciesID=5a1d1b8031ecccb163f7810bc4f16f18 StaticDependenciesID=85ef37f00e53f085d592ee8a48aa0647 
Number of updated asset objects reloaded before import = 0
Number of asset objects unloaded after import = 2
========================================================================
Received Import Request.
  Time of request: 2026-08-11T07:34:12.817437Z
  Time since last request: 0.001082792 seconds.
  importAddress: GUID: 416c4dd3f62bd4adb8dd22555e817325 - Path: Assets/Audio/Reload.wav - Importer: PreviewImporter
Importing 'GUID: 416c4dd3f62bd4adb8dd22555e817325 - Path: Assets/Audio/Reload.wav - Importer: PreviewImporter' with importer (PreviewImporter)
Imported 'GUID: 416c4dd3f62bd4adb8dd22555e817325' -> (Import Result ID: 'ddb22025d0b56fd1498d31a3f487f65e') in 0.003 seconds [static and dynamic dependencies]. Details - ImportResultOutputID=f0228214947b394bf897108886c84931 DependenciesID=aea3bef31e5f0eb37a04bc537c024f40 StaticDependenciesID=b8bbdad0fe829fad62f5f110c34fd5c4 
Number of updated asset objects reloaded before import = 0
Number of asset objects unloaded after import = 2
========================================================================
Received Import Request.
  Time of request: 2026-08-11T07:34:12.83145Z
  Time since last request: 0.000700042 seconds.
  importAddress: GUID: 3abe3e0d29ed0472a9c876b7b8a516ad - Path: Assets/Audio/pain.wav - Importer: PreviewImporter
Importing 'GUID: 3abe3e0d29ed0472a9c876b7b8a516ad - Path: Assets/Audio/pain.wav - Importer: PreviewImporter' with importer (PreviewImporter)
Imported 'GUID: 3abe3e0d29ed0472a9c876b7b8a516ad' -> (Import Result ID: '941b32988830e4136a4d30da6c6faefc') in 0.003 seconds [static and dynamic dependencies]. Details - ImportResultOutputID=b9cfcddc29ac22005d3ec0d53f71c83e DependenciesID=332c5d64e39cd88afa7f835c627534a0 StaticDependenciesID=c74c11cba41e7b76f743f5189759b591 
Number of updated asset objects reloaded before import = 0
Number of asset objects unloaded after import = 2
========================================================================
Received Import Request.
  Time of request: 2026-08-11T07:34:12.844987Z
  Time since last request: 0.000264334 seconds.
  importAddress: GUID: 5dfcfc95f83144a34a1da268a9a9bd51 - Path: Assets/Audio/Click Button.wav - Importer: PreviewImporter
Importing 'GUID: 5dfcfc95f83144a34a1da268a9a9bd51 - Path: Assets/Audio/Click Button.wav - Importer: PreviewImporter' with importer (PreviewImporter)
Imported 'GUID: 5dfcfc95f83144a34a1da268a9a9bd51' -> (Import Result ID: '1e3c1734a9eac19c7ef93e22ccefb4ba') in 0.003 seconds [static and dynamic dependencies]. Details - ImportResultOutputID=6271a2ed7f0060591dc18994d3da2bdb DependenciesID=339eef483f01844c338e39de4fc6574d StaticDependenciesID=36d811c6dde9f4ebb3675cb99fe878f4 
Number of updated asset objects reloaded before import = 0
Number of asset objects unloaded after import = 2
========================================================================
Received Import Request.
  Time of request: 2026-08-11T07:34:16.233277Z
  Time since last request: 3.375741917 seconds.
  importAddress: GUID: 4d8f579d4eaa44a8f91129fd4121addf - Path: Assets/Sprite - Importer: PreviewImporter
Importing 'GUID: 4d8f579d4eaa44a8f91129fd4121addf - Path: Assets/Sprite - Importer: PreviewImporter' with importer (PreviewImporter)
Imported 'GUID: 4d8f579d4eaa44a8f91129fd4121addf' -> (Import Result ID: 'c54c6678e9290bf2d05bcc58d91dd7f3') in 0.000 seconds [static and dynamic dependencies]. Details - ImportResultOutputID=21d093548a494eb5c02c9f2063fcb109 DependenciesID=9c410ad8150f810e1aa4136e28c71538 StaticDependenciesID=27ded9e16be7cfdded8a3d629958633c 
Number of updated asset objects reloaded before import = 0
Number of asset objects unloaded after import = 0
========================================================================
Received Import Request.
  Time of request: 2026-08-11T07:34:16.371378Z
  Time since last request: 0.127096708 seconds.
  importAddress: GUID: 1448f40a97dd140c5b28df34359541d6 - Path: Assets/Sprite/Background.png - Importer: PreviewImporter
Importing 'GUID: 1448f40a97dd140c5b28df34359541d6 - Path: Assets/Sprite/Background.png - Importer: PreviewImporter' with importer (PreviewImporter)
Imported 'GUID: 1448f40a97dd140c5b28df34359541d6' -> (Import Result ID: 'f1aa18895ccc9939e1c22916c727ab67') in 0.038 seconds [static and dynamic dependencies]. Details - ImportResultOutputID=433bb78b81a94ddeb038098428c44889 DependenciesID=f36d60d23fc83a7725adb7e7a98e4b68 StaticDependenciesID=0deba780f41e83167ac269fea5c8eaeb 
Number of updated asset objects reloaded before import = 0
Number of asset objects unloaded after import = 3
========================================================================
Received Import Request.
  Time of request: 2026-08-11T07:34:16.418961Z
  Time since last request: 0.000459583 seconds.
  importAddress: GUID: 0ea15751df2b941a7828ff06cb56e45f - Path: Assets/Sprite/Enemy1.png - Importer: PreviewImporter
Importing 'GUID: 0ea15751df2b941a7828ff06cb56e45f - Path: Assets/Sprite/Enemy1.png - Importer: PreviewImporter' with importer (PreviewImporter)
Imported 'GUID: 0ea15751df2b941a7828ff06cb56e45f' -> (Import Result ID: '89b670981c8248654e598eb37985ee36') in 0.008 seconds [static and dynamic dependencies]. Details - ImportResultOutputID=a487761b9578d35aa83130b7d93eadbc DependenciesID=e40ada80e82af0b209a3c8e2bc6a3c45 StaticDependenciesID=190eec4b5ab44da342d0fe2888f10529 
Number of updated asset objects reloaded before import = 0
Number of asset objects unloaded after import = 3
========================================================================
Received Import Request.
  Time of request: 2026-08-11T07:34:16.438362Z
  Time since last request: 0.000603667 seconds.
  importAddress: GUID: 725bbed9fa27a45c78442e60ff34c2f3 - Path: Assets/Sprite/main menu.png - Importer: PreviewImporter
Importing 'GUID: 725bbed9fa27a45c78442e60ff34c2f3 - Path: Assets/Sprite/main menu.png - Importer: PreviewImporter' with importer (PreviewImporter)
Imported 'GUID: 725bbed9fa27a45c78442e60ff34c2f3' -> (Import Result ID: 'dcbecb288c363c3922de278c9d1a6bcc') in 0.011 seconds [static and dynamic dependencies]. Details - ImportResultOutputID=de740692cc858cda29eea06a7496f5bb DependenciesID=64965bd783bea0bc0e667e7a4cbf2774 StaticDependenciesID=eebd2eb87744224c4b5c798c4c7ea2db 
Number of updated asset objects reloaded before import = 0
Number of asset objects unloaded after import = 3
========================================================================
Received Import Request.
  Time of request: 2026-08-11T07:34:16.461934Z
  Time since last request: 0.000226584 seconds.
  importAddress: GUID: b0fca40f8909c44058fe0f7119cd55bb - Path: Assets/Sprite/Player.png - Importer: PreviewImporter
Importing 'GUID: b0fca40f8909c44058fe0f7119cd55bb - Path: Assets/Sprite/Player.png - Importer: PreviewImporter' with importer (PreviewImporter)
Imported 'GUID: b0fca40f8909c44058fe0f7119cd55bb' -> (Import Result ID: '0f15546ca4e648f7a8f859cea9ee156e') in 0.007 seconds [static and dynamic dependencies]. Details - ImportResultOutputID=d403f348553dc2caadb61d45d1e9efb4 DependenciesID=0f9e0edbe641448c91476332631bc6a9 StaticDependenciesID=329eb529ffdd4192359430038e0c5581 
Number of updated asset objects reloaded before import = 0
Number of asset objects unloaded after import = 3
========================================================================
Received Import Request.
  Time of request: 2026-08-11T07:34:16.480514Z
  Time since last request: 0.000529292 seconds.
  importAddress: GUID: 996a020113fe94df7a80a1a5636101ae - Path: Assets/Sprite/Reload Zone.png - Importer: PreviewImporter
Importing 'GUID: 996a020113fe94df7a80a1a5636101ae - Path: Assets/Sprite/Reload Zone.png - Importer: PreviewImporter' with importer (PreviewImporter)
Imported 'GUID: 996a020113fe94df7a80a1a5636101ae' -> (Import Result ID: 'c4996d9cf837af1f732f13ea5654d88d') in 0.008 seconds [static and dynamic dependencies]. Details - ImportResultOutputID=9270bd4f4d045a2906f973b482207754 DependenciesID=6a5130561b249452205165f75112f656 StaticDependenciesID=7e8036fc8eab1f2f211d9335b8512c38 
Number of updated asset objects reloaded before import = 0
Number of asset objects unloaded after import = 3
========================================================================
Received Import Request.
  Time of request: 2026-08-11T07:34:16.498817Z
  Time since last request: 0.000459792 seconds.
  importAddress: GUID: 6248577ea074840f5bacd422f2444801 - Path: Assets/Sprite/Enemy1 open hands.png - Importer: PreviewImporter
Importing 'GUID: 6248577ea074840f5bacd422f2444801 - Path: Assets/Sprite/Enemy1 open hands.png - Importer: PreviewImporter' with importer (PreviewImporter)
Imported 'GUID: 6248577ea074840f5bacd422f2444801' -> (Import Result ID: '157fa8beaf23fb2a4998cc52313c96ed') in 0.007 seconds [static and dynamic dependencies]. Details - ImportResultOutputID=bf4a934e44a5912354e271e3dc20b31f DependenciesID=2b2f8dc696dfc35ab78f350e3d2c84d3 StaticDependenciesID=83e37b4d63e9c2a5e41504ee1fa9b4bd 
Number of updated asset objects reloaded before import = 0
Number of asset objects unloaded after import = 3
========================================================================
Received Import Request.
  Time of request: 2026-08-11T07:34:16.515067Z
  Time since last request: 0.000286833 seconds.
  importAddress: GUID: 6b75566b6b85a4ef88a26de1c53d37de - Path: Assets/Sprite/MainMenu Button.png - Importer: PreviewImporter
Importing 'GUID: 6b75566b6b85a4ef88a26de1c53d37de - Path: Assets/Sprite/MainMenu Button.png - Importer: PreviewImporter' with importer (PreviewImporter)
Imported 'GUID: 6b75566b6b85a4ef88a26de1c53d37de' -> (Import Result ID: 'e5a02f06c039054aad421f340384a223') in 0.019 seconds [static and dynamic dependencies]. Details - ImportResultOutputID=8b462ed72c87cc6bec71d49dee26f4e6 DependenciesID=e61678e0c40064e351ee443e565be742 StaticDependenciesID=80e977646669c0c3d678dbae9553f63d 
Number of updated asset objects reloaded before import = 0
Number of asset objects unloaded after import = 13
========================================================================
Received Import Request.
  Time of request: 2026-08-11T07:58:04.927625Z
  Time since last request: 1428.38428062499997 seconds.
  importAddress: GUID: d00b1235e593c48e7a04f2d9a61d65df - Path: Assets/prefabs/bullets.prefab - Importer: PreviewImporter
Importing 'GUID: d00b1235e593c48e7a04f2d9a61d65df - Path: Assets/prefabs/bullets.prefab - Importer: PreviewImporter' with importer (PreviewImporter)
Imported 'GUID: d00b1235e593c48e7a04f2d9a61d65df' -> (Import Result ID: '7ad0b4646f46138c938c797aa637d069') in 0.255 seconds [static and dynamic dependencies]. Details - ImportResultOutputID=fb0e49cb91e6f291ac596b8362049a7b DependenciesID=a98f88fe10091ffa7cc4168b526da372 StaticDependenciesID=2590c28ae136e1e4c1755060a5f2a2b4 
Number of updated asset objects reloaded before import = 0
Number of asset objects unloaded after import = 10
========================================================================
Received Import Request.
  Time of request: 2026-08-11T07:58:18.132786Z
  Time since last request: 12.93397025 seconds.
  importAddress: GUID: d1508e1dc42abb745b24c8891a614d2a - Path: Packages/com.unity.2d.spriteshape/Editor/Icons/SpriteShapeController@64.png - Importer: PreviewImporter
Importing 'GUID: d1508e1dc42abb745b24c8891a614d2a - Path: Packages/com.unity.2d.spriteshape/Editor/Icons/SpriteShapeController@64.png - Importer: PreviewImporter' with importer (PreviewImporter)
Imported 'GUID: d1508e1dc42abb745b24c8891a614d2a' -> (Import Result ID: '792fa64f5cd41be9a3abbe71a735ffa7') in 0.007 seconds [static and dynamic dependencies]. Details - ImportResultOutputID=e4377ce2e202715f3ec6929a77cd4e17 DependenciesID=771c163203bf590b3df4c7059836f7bc StaticDependenciesID=8d69ff38cdcf091914ede248bb077005 
Number of updated asset objects reloaded before import = 0
Number of asset objects unloaded after import = 3
========================================================================
Received Prepare
AcceleratorClientConnectionCallback - disconnected - :0
WARNING: Shader Unsupported: 'Universal Render Pipeline/VR/SpatialMapping/Wireframe' - All subshaders removed
WARNING: Shader Did you use #pragma only_renderers and omit this platform?
WARNING: Shader If subshaders removal was intentional, you may have forgotten turning Fallback off?
Shader Hidden/ChartRasterizerHardware is not supported: GPU does not support conservative rasterization
Unloading 24 Unused Serialized files (Serialized files now loaded: 0)
Unloading 26 unused Assets / (2.6 MB). Loaded Objects now: 8382.
Memory consumption went from 185.1 MB to 182.5 MB.
Total: 12.691667 ms (FindLiveObjects: 0.604333 ms CreateObjectMapping: 1.100708 ms MarkObjects: 10.637125 ms  DeleteObjects: 0.346958 ms)

Prepare: number of updated asset objects reloaded= 0
========================================================================
Received Import Request.
  Time of request: 2026-08-11T07:58:35.958419Z
  Time since last request: 17.808667125 seconds.
  importAddress: GUID: d00b1235e593c48e7a04f2d9a61d65df - Path: Assets/prefabs/bullets.prefab - Importer: ScriptedImporter/UnityEditor.QuickSearchModule:UnityEditor.Search:ASIAI0B
Importing 'GUID: d00b1235e593c48e7a04f2d9a61d65df - Path: Assets/prefabs/bullets.prefab - Importer: ScriptedImporter/UnityEditor.QuickSearchModule:UnityEditor.Search:ASIAI0B' with importer (ScriptedImporter : UnityEditor.QuickSearchModule:UnityEditor.Search:ASIAI0B)
Imported 'GUID: d00b1235e593c48e7a04f2d9a61d65df' -> (Import Result ID: '6d095c6d6c69b6594e2461ecd33996af') in 0.042 seconds [static and dynamic dependencies]. Details - ImportResultOutputID=dc31ec6347b5334f9b74c06245f4c10f DependenciesID=efa6c2e51a4b20c4b44c0fcc97d9bd4e StaticDependenciesID=2420db0fbf58ec091f901813cdbebc32 
Number of updated asset objects reloaded before import = 0
Number of asset objects unloaded after import = 10
========================================================================
Received Prepare
AcceleratorClientConnectionCallback - disconnected - :0
WARNING: Shader Unsupported: 'Universal Render Pipeline/VR/SpatialMapping/Wireframe' - All subshaders removed
WARNING: Shader Did you use #pragma only_renderers and omit this platform?
WARNING: Shader If subshaders removal was intentional, you may have forgotten turning Fallback off?
Shader Hidden/ChartRasterizerHardware is not supported: GPU does not support conservative rasterization
Unloading 24 Unused Serialized files (Serialized files now loaded: 0)
Unloading 24 unused Assets / (2.6 MB). Loaded Objects now: 8382.
Memory consumption went from 182.8 MB to 180.1 MB.
Total: 23.916333 ms (FindLiveObjects: 0.589125 ms CreateObjectMapping: 0.783125 ms MarkObjects: 22.218500 ms  DeleteObjects: 0.325208 ms)

Prepare: number of updated asset objects reloaded= 0
========================================================================
Received Prepare
AcceleratorClientConnectionCallback - disconnected - :0
WARNING: Shader Unsupported: 'Universal Render Pipeline/VR/SpatialMapping/Wireframe' - All subshaders removed
WARNING: Shader Did you use #pragma only_renderers and omit this platform?
WARNING: Shader If subshaders removal was intentional, you may have forgotten turning Fallback off?
Shader Hidden/ChartRasterizerHardware is not supported: GPU does not support conservative rasterization
Unloading 24 Unused Serialized files (Serialized files now loaded: 0)
Unloading 24 unused Assets / (2.6 MB). Loaded Objects now: 8382.
Memory consumption went from 180.2 MB to 177.6 MB.
Total: 7.645292 ms (FindLiveObjects: 0.291250 ms CreateObjectMapping: 0.721792 ms MarkObjects: 6.350375 ms  DeleteObjects: 0.281667 ms)

Prepare: number of updated asset objects reloaded= 0
========================================================================
Received Import Request.
  Time of request: 2026-08-11T07:59:12.154313Z
  Time since last request: 36.1418585 seconds.
  importAddress: GUID: d00b1235e593c48e7a04f2d9a61d65df - Path: Assets/prefabs/bullets.prefab - Importer: PreviewImporter
Importing 'GUID: d00b1235e593c48e7a04f2d9a61d65df - Path: Assets/prefabs/bullets.prefab - Importer: PreviewImporter' with importer (PreviewImporter)
Imported 'GUID: d00b1235e593c48e7a04f2d9a61d65df' -> (Import Result ID: 'a05c0880f24631b928efb14dfc561b89') in 0.019 seconds [static and dynamic dependencies]. Details - ImportResultOutputID=2eaa0fbf3b34d083296f3f84415b8ed5 DependenciesID=475975827452a95c6fb9e92adb02553b StaticDependenciesID=031e60632ad79f93b65f88cc9f8175ae 
Number of updated asset objects reloaded before import = 0
Number of asset objects unloaded after import = 10
========================================================================
Received Import Request.
  Time of request: 2026-08-11T07:59:13.852428Z
  Time since last request: 1.668761083 seconds.
  importAddress: GUID: d00b1235e593c48e7a04f2d9a61d65df - Path: Assets/prefabs/bullets.prefab - Importer: ScriptedImporter/UnityEditor.QuickSearchModule:UnityEditor.Search:ASIAI0B
Importing 'GUID: d00b1235e593c48e7a04f2d9a61d65df - Path: Assets/prefabs/bullets.prefab - Importer: ScriptedImporter/UnityEditor.QuickSearchModule:UnityEditor.Search:ASIAI0B' with importer (ScriptedImporter : UnityEditor.QuickSearchModule:UnityEditor.Search:ASIAI0B)
Imported 'GUID: d00b1235e593c48e7a04f2d9a61d65df' -> (Import Result ID: '9434321ca090c4dca6fbc6be55b14e2f') in 0.006 seconds [static and dynamic dependencies]. Details - ImportResultOutputID=a4b9836a0c446674f7624c9d8de388d2 DependenciesID=c3a7c614554654c88ac461e8e7eddba9 StaticDependenciesID=7ef2c3e0b4f7fd8ebb0edcb8e016892a 
Number of updated asset objects reloaded before import = 0
Number of asset objects unloaded after import = 10
========================================================================
Received Prepare
AcceleratorClientConnectionCallback - disconnected - :0
WARNING: Shader Unsupported: 'Universal Render Pipeline/VR/SpatialMapping/Wireframe' - All subshaders removed
WARNING: Shader Did you use #pragma only_renderers and omit this platform?
WARNING: Shader If subshaders removal was intentional, you may have forgotten turning Fallback off?
Shader Hidden/ChartRasterizerHardware is not supported: GPU does not support conservative rasterization
Unloading 24 Unused Serialized files (Serialized files now loaded: 0)
Unloading 24 unused Assets / (2.6 MB). Loaded Objects now: 8382.
Memory consumption went from 180.2 MB to 177.6 MB.
Total: 17.107791 ms (FindLiveObjects: 0.625750 ms CreateObjectMapping: 0.821333 ms MarkObjects: 15.315750 ms  DeleteObjects: 0.344667 ms)

Prepare: number of updated asset objects reloaded= 0
========================================================================
Received Import Request.
  Time of request: 2026-08-11T08:01:17.750563Z
  Time since last request: 123.88115391700001 seconds.
  importAddress: GUID: d00b1235e593c48e7a04f2d9a61d65df - Path: Assets/prefabs/bullets.prefab - Importer: ScriptedImporter/UnityEditor.QuickSearchModule:UnityEditor.Search:ASIAI0B
Importing 'GUID: d00b1235e593c48e7a04f2d9a61d65df - Path: Assets/prefabs/bullets.prefab - Importer: ScriptedImporter/UnityEditor.QuickSearchModule:UnityEditor.Search:ASIAI0B' with importer (ScriptedImporter : UnityEditor.QuickSearchModule:UnityEditor.Search:ASIAI0B)
Imported 'GUID: d00b1235e593c48e7a04f2d9a61d65df' -> (Import Result ID: '3199011a51a10319176784ecb1e4f743') in 0.008 seconds [static and dynamic dependencies]. Details - ImportResultOutputID=218912785e328c0608e1f045d7724f3b DependenciesID=6fc2d7841c1074d33a0fa6dd113ab0f8 StaticDependenciesID=a6817d2a2ae574fa07b028d508ed734d 
Number of updated asset objects reloaded before import = 0
Number of asset objects unloaded after import = 10
========================================================================
Received Import Request.
  Time of request: 2026-08-11T08:01:18.744946Z
  Time since last request: 0.974948375 seconds.
  importAddress: GUID: d00b1235e593c48e7a04f2d9a61d65df - Path: Assets/prefabs/bullets.prefab - Importer: PreviewImporter
Importing 'GUID: d00b1235e593c48e7a04f2d9a61d65df - Path: Assets/prefabs/bullets.prefab - Importer: PreviewImporter' with importer (PreviewImporter)
Imported 'GUID: d00b1235e593c48e7a04f2d9a61d65df' -> (Import Result ID: 'd69bb5efe402bde60856c3c096f63b37') in 0.014 seconds [static and dynamic dependencies]. Details - ImportResultOutputID=be3de8a3a4eefe9e556c1b490cbfb486 DependenciesID=862d9e3aaadc55cc36436f9d1f0be7af StaticDependenciesID=cae97ca30ba7880c4802d58d685e6336 
Number of updated asset objects reloaded before import = 0
Number of asset objects unloaded after import = 10
========================================================================
Received Import Request.
  Time of request: 2026-08-11T08:01:19.739462Z
  Time since last request: 0.970339791 seconds.
  importAddress: GUID: d00b1235e593c48e7a04f2d9a61d65df - Path: Assets/prefabs/bullets.prefab - Importer: ScriptedImporter/UnityEditor.QuickSearchModule:UnityEditor.Search:ASIAI0B
Importing 'GUID: d00b1235e593c48e7a04f2d9a61d65df - Path: Assets/prefabs/bullets.prefab - Importer: ScriptedImporter/UnityEditor.QuickSearchModule:UnityEditor.Search:ASIAI0B' with importer (ScriptedImporter : UnityEditor.QuickSearchModule:UnityEditor.Search:ASIAI0B)
Imported 'GUID: d00b1235e593c48e7a04f2d9a61d65df' -> (Import Result ID: 'ff71287d67cfa168718d842461bcf7d0') in 0.006 seconds [static and dynamic dependencies]. Details - ImportResultOutputID=13f212b4ef7f8a3ea8eaac7a414380d8 DependenciesID=798c124ca9339b085aaa05ae573bd987 StaticDependenciesID=b508da8c4f33cd33ddfddcb9082d5a02 
Number of updated asset objects reloaded before import = 0
Number of asset objects unloaded after import = 10
========================================================================
Received Import Request.
  Time of request: 2026-08-11T08:01:23.402046Z
  Time since last request: 3.646063167 seconds.
  importAddress: GUID: d00b1235e593c48e7a04f2d9a61d65df - Path: Assets/prefabs/bullets.prefab - Importer: PreviewImporter
Importing 'GUID: d00b1235e593c48e7a04f2d9a61d65df - Path: Assets/prefabs/bullets.prefab - Importer: PreviewImporter' with importer (PreviewImporter)
Imported 'GUID: d00b1235e593c48e7a04f2d9a61d65df' -> (Import Result ID: 'e7f3fd90118399d0ec00374b822fa3cb') in 0.006 seconds [static and dynamic dependencies]. Details - ImportResultOutputID=76b26204d2c1d6c4b3e9a4de2535e06d DependenciesID=7fc75d6e45c7ce06eb8333c37a5274f1 StaticDependenciesID=125f2de31cf10f54dff90ad4dd5e46e7 
Number of updated asset objects reloaded before import = 0
Number of asset objects unloaded after import = 10
========================================================================
Received Import Request.
  Time of request: 2026-08-11T08:01:24.397866Z
  Time since last request: 0.980047875 seconds.
  importAddress: GUID: d00b1235e593c48e7a04f2d9a61d65df - Path: Assets/prefabs/bullets.prefab - Importer: ScriptedImporter/UnityEditor.QuickSearchModule:UnityEditor.Search:ASIAI0B
Importing 'GUID: d00b1235e593c48e7a04f2d9a61d65df - Path: Assets/prefabs/bullets.prefab - Importer: ScriptedImporter/UnityEditor.QuickSearchModule:UnityEditor.Search:ASIAI0B' with importer (ScriptedImporter : UnityEditor.QuickSearchModule:UnityEditor.Search:ASIAI0B)
Imported 'GUID: d00b1235e593c48e7a04f2d9a61d65df' -> (Import Result ID: 'fc7fb6fb27a09f1122bda6f91527c305') in 0.005 seconds [static and dynamic dependencies]. Details - ImportResultOutputID=8c8dfed13e09b64a6a4ae876716f2e3a DependenciesID=735676234ef897ffe27e685a1ef9d4c8 StaticDependenciesID=e0b6ca14ec5484ead6e183515f63251c 
Number of updated asset objects reloaded before import = 0
Number of asset objects unloaded after import = 10
========================================================================
Received Import Request.
  Time of request: 2026-08-11T08:01:27.859683Z
  Time since last request: 3.445232708 seconds.
  importAddress: GUID: d00b1235e593c48e7a04f2d9a61d65df - Path: Assets/prefabs/bullets.prefab - Importer: PreviewImporter
Importing 'GUID: d00b1235e593c48e7a04f2d9a61d65df - Path: Assets/prefabs/bullets.prefab - Importer: PreviewImporter' with importer (PreviewImporter)
Imported 'GUID: d00b1235e593c48e7a04f2d9a61d65df' -> (Import Result ID: '205c30881097ab7a85d3a30731d75ba2') in 0.005 seconds [static and dynamic dependencies]. Details - ImportResultOutputID=2eaa0fbf3b34d083296f3f84415b8ed5 DependenciesID=bdf458436e3ef6800b5f35bffd4b947d StaticDependenciesID=4b6bf197330f679e0fd92b135d066950 
Number of updated asset objects reloaded before import = 0
Number of asset objects unloaded after import = 10
========================================================================
Received Import Request.
  Time of request: 2026-08-11T08:01:28.858049Z
  Time since last request: 0.983067875 seconds.
  importAddress: GUID: d00b1235e593c48e7a04f2d9a61d65df - Path: Assets/prefabs/bullets.prefab - Importer: ScriptedImporter/UnityEditor.QuickSearchModule:UnityEditor.Search:ASIAI0B
Importing 'GUID: d00b1235e593c48e7a04f2d9a61d65df - Path: Assets/prefabs/bullets.prefab - Importer: ScriptedImporter/UnityEditor.QuickSearchModule:UnityEditor.Search:ASIAI0B' with importer (ScriptedImporter : UnityEditor.QuickSearchModule:UnityEditor.Search:ASIAI0B)
Imported 'GUID: d00b1235e593c48e7a04f2d9a61d65df' -> (Import Result ID: '0640c863e084ad5ccbeb1da1c393dce6') in 0.007 seconds [static and dynamic dependencies]. Details - ImportResultOutputID=2f8f085029ea881d8f848f03e049c74e DependenciesID=15cfc9cf9378b6df6491320701058cf2 StaticDependenciesID=1374d985e777532e2d7276a48b9f272a 
Number of updated asset objects reloaded before import = 0
Number of asset objects unloaded after import = 10
========================================================================
Received Prepare
AcceleratorClientConnectionCallback - disconnected - :0
WARNING: Shader Unsupported: 'Universal Render Pipeline/VR/SpatialMapping/Wireframe' - All subshaders removed
WARNING: Shader Did you use #pragma only_renderers and omit this platform?
WARNING: Shader If subshaders removal was intentional, you may have forgotten turning Fallback off?
Shader Hidden/ChartRasterizerHardware is not supported: GPU does not support conservative rasterization
Unloading 24 Unused Serialized files (Serialized files now loaded: 0)
Unloading 24 unused Assets / (2.6 MB). Loaded Objects now: 8382.
Memory consumption went from 180.2 MB to 177.6 MB.
Total: 8.320667 ms (FindLiveObjects: 0.275917 ms CreateObjectMapping: 0.921417 ms MarkObjects: 6.774291 ms  DeleteObjects: 0.348291 ms)

Prepare: number of updated asset objects reloaded= 0
========================================================================
Received Import Request.
  Time of request: 2026-08-11T08:01:35.54684Z
  Time since last request: 6.671029584 seconds.
  importAddress: GUID: d00b1235e593c48e7a04f2d9a61d65df - Path: Assets/prefabs/bullets.prefab - Importer: ScriptedImporter/UnityEditor.QuickSearchModule:UnityEditor.Search:ASIAI0B
Importing 'GUID: d00b1235e593c48e7a04f2d9a61d65df - Path: Assets/prefabs/bullets.prefab - Importer: ScriptedImporter/UnityEditor.QuickSearchModule:UnityEditor.Search:ASIAI0B' with importer (ScriptedImporter : UnityEditor.QuickSearchModule:UnityEditor.Search:ASIAI0B)
Imported 'GUID: d00b1235e593c48e7a04f2d9a61d65df' -> (Import Result ID: 'c1cfe7833a61760516d585a9dc8a2080') in 0.005 seconds [static and dynamic dependencies]. Details - ImportResultOutputID=172f2292ee069c7d3b9c89436b9b33a1 DependenciesID=57903f83347e83479cd91163070e988f StaticDependenciesID=c378784e6dc822efeb169e002fa55f5e 
Number of updated asset objects reloaded before import = 0
Number of asset objects unloaded after import = 10
========================================================================
Received Import Request.
  Time of request: 2026-08-11T08:01:36.369373Z
  Time since last request: 0.80655375 seconds.
  importAddress: GUID: d00b1235e593c48e7a04f2d9a61d65df - Path: Assets/prefabs/bullets.prefab - Importer: PreviewImporter
Importing 'GUID: d00b1235e593c48e7a04f2d9a61d65df - Path: Assets/prefabs/bullets.prefab - Importer: PreviewImporter' with importer (PreviewImporter)
Imported 'GUID: d00b1235e593c48e7a04f2d9a61d65df' -> (Import Result ID: '50a7228897956239ca3f9e194540cdf5') in 0.006 seconds [static and dynamic dependencies]. Details - ImportResultOutputID=2eaa0fbf3b34d083296f3f84415b8ed5 DependenciesID=859ba12d96568de45c340a38fe869220 StaticDependenciesID=c193c69a5c47d1fd31bf156f89de007c 
Number of updated asset objects reloaded before import = 0
Number of asset objects unloaded after import = 10
========================================================================
Received Import Request.
  Time of request: 2026-08-11T08:01:37.362903Z
  Time since last request: 0.977184625 seconds.
  importAddress: GUID: d00b1235e593c48e7a04f2d9a61d65df - Path: Assets/prefabs/bullets.prefab - Importer: ScriptedImporter/UnityEditor.QuickSearchModule:UnityEditor.Search:ASIAI0B
Importing 'GUID: d00b1235e593c48e7a04f2d9a61d65df - Path: Assets/prefabs/bullets.prefab - Importer: ScriptedImporter/UnityEditor.QuickSearchModule:UnityEditor.Search:ASIAI0B' with importer (ScriptedImporter : UnityEditor.QuickSearchModule:UnityEditor.Search:ASIAI0B)
Imported 'GUID: d00b1235e593c48e7a04f2d9a61d65df' -> (Import Result ID: 'd9b227d8b5da5b69786b2037a4ed4d32') in 0.005 seconds [static and dynamic dependencies]. Details - ImportResultOutputID=c6037242b35895863ebbfd4615b94d65 DependenciesID=58a19b69ea1eb92ae758857068575377 StaticDependenciesID=519125f7ee54f32a0857a1e91d752f37 
Number of updated asset objects reloaded before import = 0
Number of asset objects unloaded after import = 10
========================================================================
Received Import Request.
  Time of request: 2026-08-11T08:01:37.585415Z
  Time since last request: 0.20635 seconds.
  importAddress: GUID: d00b1235e593c48e7a04f2d9a61d65df - Path: Assets/prefabs/bullets.prefab - Importer: PreviewImporter
Importing 'GUID: d00b1235e593c48e7a04f2d9a61d65df - Path: Assets/prefabs/bullets.prefab - Importer: PreviewImporter' with importer (PreviewImporter)
Imported 'GUID: d00b1235e593c48e7a04f2d9a61d65df' -> (Import Result ID: '881070e828478d35e9df6a9e1de19bf5') in 0.006 seconds [static and dynamic dependencies]. Details - ImportResultOutputID=2eaa0fbf3b34d083296f3f84415b8ed5 DependenciesID=53d1427f142df5b4f9bea4d7bb2d326b StaticDependenciesID=8440bd3f5507c9846e1a65c4e44c5c0f 
Number of updated asset objects reloaded before import = 0
Number of asset objects unloaded after import = 10
========================================================================
Received Import Request.
  Time of request: 2026-08-11T08:01:38.575609Z
  Time since last request: 0.9742565 seconds.
  importAddress: GUID: d00b1235e593c48e7a04f2d9a61d65df - Path: Assets/prefabs/bullets.prefab - Importer: ScriptedImporter/UnityEditor.QuickSearchModule:UnityEditor.Search:ASIAI0B
Importing 'GUID: d00b1235e593c48e7a04f2d9a61d65df - Path: Assets/prefabs/bullets.prefab - Importer: ScriptedImporter/UnityEditor.QuickSearchModule:UnityEditor.Search:ASIAI0B' with importer (ScriptedImporter : UnityEditor.QuickSearchModule:UnityEditor.Search:ASIAI0B)
Imported 'GUID: d00b1235e593c48e7a04f2d9a61d65df' -> (Import Result ID: 'c0df0b24517e4db4eef44170baf6ca63') in 0.004 seconds [static and dynamic dependencies]. Details - ImportResultOutputID=bb91046ae40f8b66e839bc3aff519b11 DependenciesID=0f5fdf4c59ecffd9aff959f8975a6fe7 StaticDependenciesID=704ad881c63edbc6643d56ffe0f37982 
Number of updated asset objects reloaded before import = 0
Number of asset objects unloaded after import = 10
========================================================================
Received Import Request.
  Time of request: 2026-08-11T08:01:40.216999Z
  Time since last request: 1.625665584 seconds.
  importAddress: GUID: d00b1235e593c48e7a04f2d9a61d65df - Path: Assets/prefabs/bullets.prefab - Importer: PreviewImporter
Importing 'GUID: d00b1235e593c48e7a04f2d9a61d65df - Path: Assets/prefabs/bullets.prefab - Importer: PreviewImporter' with importer (PreviewImporter)
Imported 'GUID: d00b1235e593c48e7a04f2d9a61d65df' -> (Import Result ID: 'a9ab102cc9a7229392797f1b2b06fc91') in 0.005 seconds [static and dynamic dependencies]. Details - ImportResultOutputID=2eaa0fbf3b34d083296f3f84415b8ed5 DependenciesID=4ea02b23200a2abe3c4646aedd299453 StaticDependenciesID=bdd1321cba39f70c61d5f4412a0c8f22 
Number of updated asset objects reloaded before import = 0
Number of asset objects unloaded after import = 10
========================================================================
Received Import Request.
  Time of request: 2026-08-11T08:01:41.211705Z
  Time since last request: 0.979239917 seconds.
  importAddress: GUID: d00b1235e593c48e7a04f2d9a61d65df - Path: Assets/prefabs/bullets.prefab - Importer: ScriptedImporter/UnityEditor.QuickSearchModule:UnityEditor.Search:ASIAI0B
Importing 'GUID: d00b1235e593c48e7a04f2d9a61d65df - Path: Assets/prefabs/bullets.prefab - Importer: ScriptedImporter/UnityEditor.QuickSearchModule:UnityEditor.Search:ASIAI0B' with importer (ScriptedImporter : UnityEditor.QuickSearchModule:UnityEditor.Search:ASIAI0B)
Imported 'GUID: d00b1235e593c48e7a04f2d9a61d65df' -> (Import Result ID: '0af8bae974685562ff22adc6b2591c96') in 0.004 seconds [static and dynamic dependencies]. Details - ImportResultOutputID=0320864e5788318c56848e771a15da31 DependenciesID=b33ea024ad11fafc804d7a7bdfe64c5f StaticDependenciesID=5578eee142880df812825972cc6cda35 
Number of updated asset objects reloaded before import = 0
Number of asset objects unloaded after import = 10
========================================================================
Received Import Request.
  Time of request: 2026-08-11T08:01:42.241348Z
  Time since last request: 1.014896958 seconds.
  importAddress: GUID: d00b1235e593c48e7a04f2d9a61d65df - Path: Assets/prefabs/bullets.prefab - Importer: PreviewImporter
Importing 'GUID: d00b1235e593c48e7a04f2d9a61d65df - Path: Assets/prefabs/bullets.prefab - Importer: PreviewImporter' with importer (PreviewImporter)
Imported 'GUID: d00b1235e593c48e7a04f2d9a61d65df' -> (Import Result ID: '9e3b0f8463b29a3e9399bffac9f51c6d') in 0.006 seconds [static and dynamic dependencies]. Details - ImportResultOutputID=2eaa0fbf3b34d083296f3f84415b8ed5 DependenciesID=8d8a4921745b4e43871e643e83ac8567 StaticDependenciesID=c1dde375e4b84e8aea887644e12b9295 
Number of updated asset objects reloaded before import = 0
Number of asset objects unloaded after import = 10
========================================================================
Received Import Request.
  Time of request: 2026-08-11T08:01:43.237592Z
  Time since last request: 0.980345875 seconds.
  importAddress: GUID: d00b1235e593c48e7a04f2d9a61d65df - Path: Assets/prefabs/bullets.prefab - Importer: ScriptedImporter/UnityEditor.QuickSearchModule:UnityEditor.Search:ASIAI0B
Importing 'GUID: d00b1235e593c48e7a04f2d9a61d65df - Path: Assets/prefabs/bullets.prefab - Importer: ScriptedImporter/UnityEditor.QuickSearchModule:UnityEditor.Search:ASIAI0B' with importer (ScriptedImporter : UnityEditor.QuickSearchModule:UnityEditor.Search:ASIAI0B)
Imported 'GUID: d00b1235e593c48e7a04f2d9a61d65df' -> (Import Result ID: 'ae270146c08d2c40f48af7177432e0c1') in 0.007 seconds [static and dynamic dependencies]. Details - ImportResultOutputID=bfcbc09af4cf7c9b211471bffa7531ba DependenciesID=df89513bb7e906cc5409f3eb29d733a9 StaticDependenciesID=c888916a1c74847c7b7acf1487a36c2a 
Number of updated asset objects reloaded before import = 0
Number of asset objects unloaded after import = 10
========================================================================
Received Import Request.
  Time of request: 2026-08-11T08:09:41.423055Z
  Time since last request: 478.16811291699997 seconds.
  importAddress: GUID: 5e00edbeb9d9f481c8c8924d2716ae06 - Path: Assets/script/PlayerShooting.cs - Importer: PreviewImporter
Importing 'GUID: 5e00edbeb9d9f481c8c8924d2716ae06 - Path: Assets/script/PlayerShooting.cs - Importer: PreviewImporter' with importer (PreviewImporter)
Imported 'GUID: 5e00edbeb9d9f481c8c8924d2716ae06' -> (Import Result ID: '9f3a8ae773be12a9f7eeb4410679b294') in 0.002 seconds [static and dynamic dependencies]. Details - ImportResultOutputID=32932c036fe37fe2f4c3e18fb5c0f0d2 DependenciesID=18b87a681cb27af4dea69b59e9c287f9 StaticDependenciesID=4e61a030be2cf91093908e8de6aefd05 
Number of updated asset objects reloaded before import = 0
Number of asset objects unloaded after import = 0
========================================================================
Received Prepare
AcceleratorClientConnectionCallback - disconnected - :0
[Licensing::Client] Successfully resolved entitlement details
Begin MonoManager ReloadAssembly
Thread 0x16d243000 may have been prematurely finalized
<CFData 0x9abf295e0 [0x2019eb7a0]>{length = 6, capacity = 6, bytes = 0xcc08fab3d763}
ADTM: Control thread waiting for realtime thread timed out, have to lock...
Native extension for OSXStandalone target not found
Native extension for WebGL target not found
[Package Manager] Failed to launch server process. Reason: Unity was launched with the -noUpm command-line argument
[Package Manager] Unable to send message (not connected to server process).
[Package Manager] Cannot connect to Unity Package Manager local server
[Package Manager] Failed to launch server process. Reason: Unity was launched with the -noUpm command-line argument
[Package Manager] Unable to send message (not connected to server process).
[Package Manager] Cannot connect to Unity Package Manager local server
ScheduleIndexationOnStartup MainProcess:False IndexOnStartup:True
Mono: successfully reloaded assembly
- Finished resetting the current domain, in  0.522 seconds
Domain Reload Profiling: 3105ms
	BeginReloadAssembly (1755ms)
		DisableScriptedObjects (108ms)
		CreateAndSetChildDomain (1206ms)
	RebuildCommonClasses (6ms)
	RebuildNativeTypeToScriptingClass (12ms)
	initialDomainReloadingComplete (107ms)
	LoadAllAssembliesAndSetupDomain (702ms)
		LoadAssemblies (760ms)
		AnalyzeDomain (191ms)
			TypeCache.Refresh (28ms)
			BuildScriptInfoCaches (157ms)
			ResolveRequiredComponents (3ms)
	FinalizeReload (522ms)
		SetupLoadedEditorAssemblies (0ms)
			BeforeProcessingInitializeOnLoad (63ms)
			ProcessInitializeOnLoadAttributes (227ms)
			ProcessInitializeOnLoadMethodAttributes (69ms)
		AwakeInstancesAfterBackupRestoration (12ms)
WARNING: Shader Unsupported: 'Universal Render Pipeline/VR/SpatialMapping/Wireframe' - All subshaders removed
WARNING: Shader Did you use #pragma only_renderers and omit this platform?
WARNING: Shader If subshaders removal was intentional, you may have forgotten turning Fallback off?
Shader Hidden/ChartRasterizerHardware is not supported: GPU does not support conservative rasterization
Unloading 24 Unused Serialized files (Serialized files now loaded: 0)
Unloading 7362 unused Assets / (6.1 MB). Loaded Objects now: 8312.
Memory consumption went from 193.8 MB to 187.7 MB.
Total: 10.109875 ms (FindLiveObjects: 0.841083 ms CreateObjectMapping: 1.803000 ms MarkObjects: 5.167875 ms  DeleteObjects: 2.104917 ms)

Prepare: number of updated asset objects reloaded= 0
========================================================================
Received Prepare
AcceleratorClientConnectionCallback - disconnected - :0
[Licensing::Client] Successfully resolved entitlement details
Begin MonoManager ReloadAssembly
Thread 0x16d243000 may have been prematurely finalized
ADTM: Control thread waiting for realtime thread timed out, have to lock...
Native extension for OSXStandalone target not found
Native extension for WebGL target not found
[Package Manager] Failed to launch server process. Reason: Unity was launched with the -noUpm command-line argument
[Package Manager] Unable to send message (not connected to server process).
[Package Manager] Cannot connect to Unity Package Manager local server
[Package Manager] Failed to launch server process. Reason: Unity was launched with the -noUpm command-line argument
[Package Manager] Unable to send message (not connected to server process).
[Package Manager] Cannot connect to Unity Package Manager local server
ScheduleIndexationOnStartup MainProcess:False IndexOnStartup:True
Mono: successfully reloaded assembly
- Finished resetting the current domain, in  0.638 seconds
Domain Reload Profiling: 2767ms
	BeginReloadAssembly (1331ms)
		DisableScriptedObjects (26ms)
		CreateAndSetChildDomain (1107ms)
	RebuildCommonClasses (6ms)
	RebuildNativeTypeToScriptingClass (15ms)
	initialDomainReloadingComplete (58ms)
	LoadAllAssembliesAndSetupDomain (718ms)
		LoadAssemblies (481ms)
		AnalyzeDomain (241ms)
			TypeCache.Refresh (30ms)
			BuildScriptInfoCaches (201ms)
			ResolveRequiredComponents (5ms)
	FinalizeReload (639ms)
		SetupLoadedEditorAssemblies (0ms)
			BeforeProcessingInitializeOnLoad (72ms)
			ProcessInitializeOnLoadAttributes (298ms)
			ProcessInitializeOnLoadMethodAttributes (78ms)
		AwakeInstancesAfterBackupRestoration (13ms)
WARNING: Shader Unsupported: 'Universal Render Pipeline/VR/SpatialMapping/Wireframe' - All subshaders removed
WARNING: Shader Did you use #pragma only_renderers and omit this platform?
WARNING: Shader If subshaders removal was intentional, you may have forgotten turning Fallback off?
Shader Hidden/ChartRasterizerHardware is not supported: GPU does not support conservative rasterization
Unloading 24 Unused Serialized files (Serialized files now loaded: 0)
Unloading 7362 unused Assets / (4.1 MB). Loaded Objects now: 8315.
Memory consumption went from 196.2 MB to 192.1 MB.
Total: 12.477875 ms (FindLiveObjects: 0.665292 ms CreateObjectMapping: 2.196500 ms MarkObjects: 7.388041 ms  DeleteObjects: 2.071333 ms)

Prepare: number of updated asset objects reloaded= 0
========================================================================
Received Prepare
AcceleratorClientConnectionCallback - disconnected - :0
WARNING: Shader Unsupported: 'Universal Render Pipeline/VR/SpatialMapping/Wireframe' - All subshaders removed
WARNING: Shader Did you use #pragma only_renderers and omit this platform?
WARNING: Shader If subshaders removal was intentional, you may have forgotten turning Fallback off?
Shader Hidden/ChartRasterizerHardware is not supported: GPU does not support conservative rasterization
Unloading 24 Unused Serialized files (Serialized files now loaded: 0)
Unloading 24 unused Assets / (2.6 MB). Loaded Objects now: 8315.
Memory consumption went from 183.6 MB to 181.0 MB.
Total: 26.440791 ms (FindLiveObjects: 0.642333 ms CreateObjectMapping: 0.744500 ms MarkObjects: 24.429375 ms  DeleteObjects: 0.624250 ms)

Prepare: number of updated asset objects reloaded= 0
========================================================================
Received Import Request.
  Time of request: 2026-08-11T09:39:45.292696Z
  Time since last request: 1360.36588308299997 seconds.
  importAddress: GUID: f0260f1b5bcbc4708965dde4ead53ac2 - Path: Assets/script/EnemyChase.cs - Importer: PreviewImporter
Importing 'GUID: f0260f1b5bcbc4708965dde4ead53ac2 - Path: Assets/script/EnemyChase.cs - Importer: PreviewImporter' with importer (PreviewImporter)
Imported 'GUID: f0260f1b5bcbc4708965dde4ead53ac2' -> (Import Result ID: 'b82e246e2d7a300ebb7f1da48299c5f5') in 0.029 seconds [static and dynamic dependencies]. Details - ImportResultOutputID=c322693b11b9b1c4925de78a32d3ddf1 DependenciesID=e34b6501e5bab09aae67d5abb578aa6f StaticDependenciesID=1ed935e0043a719e1e5ce0edf2c5008b 
Number of updated asset objects reloaded before import = 0
Number of asset objects unloaded after import = 0
========================================================================
Received Prepare
AcceleratorClientConnectionCallback - disconnected - :0
[Licensing::Client] Successfully resolved entitlement details
Begin MonoManager ReloadAssembly
Thread 0x16d243000 may have been prematurely finalized
ADTM: Control thread waiting for realtime thread timed out, have to lock...
Native extension for OSXStandalone target not found
Native extension for WebGL target not found
[Package Manager] Failed to launch server process. Reason: Unity was launched with the -noUpm command-line argument
[Package Manager] Unable to send message (not connected to server process).
[Package Manager] Cannot connect to Unity Package Manager local server
[Package Manager] Failed to launch server process. Reason: Unity was launched with the -noUpm command-line argument
[Package Manager] Unable to send message (not connected to server process).
[Package Manager] Cannot connect to Unity Package Manager local server
ScheduleIndexationOnStartup MainProcess:False IndexOnStartup:True
Mono: successfully reloaded assembly
- Finished resetting the current domain, in  0.540 seconds
Domain Reload Profiling: 2341ms
	BeginReloadAssembly (1254ms)
		DisableScriptedObjects (35ms)
		CreateAndSetChildDomain (1075ms)
	RebuildCommonClasses (7ms)
	RebuildNativeTypeToScriptingClass (13ms)
	initialDomainReloadingComplete (48ms)
	LoadAllAssembliesAndSetupDomain (478ms)
		LoadAssemblies (269ms)
		AnalyzeDomain (190ms)
			TypeCache.Refresh (21ms)
			BuildScriptInfoCaches (159ms)
			ResolveRequiredComponents (4ms)
	FinalizeReload (541ms)
		SetupLoadedEditorAssemblies (0ms)
			BeforeProcessingInitializeOnLoad (65ms)
			ProcessInitializeOnLoadAttributes (224ms)
			ProcessInitializeOnLoadMethodAttributes (77ms)
		AwakeInstancesAfterBackupRestoration (12ms)
WARNING: Shader Unsupported: 'Universal Render Pipeline/VR/SpatialMapping/Wireframe' - All subshaders removed
WARNING: Shader Did you use #pragma only_renderers and omit this platform?
WARNING: Shader If subshaders removal was intentional, you may have forgotten turning Fallback off?
Shader Hidden/ChartRasterizerHardware is not supported: GPU does not support conservative rasterization
Unloading 24 Unused Serialized files (Serialized files now loaded: 0)
Unloading 7362 unused Assets / (4.0 MB). Loaded Objects now: 8318.
Memory consumption went from 196.0 MB to 192.0 MB.
Total: 10.289750 ms (FindLiveObjects: 0.718333 ms CreateObjectMapping: 1.836167 ms MarkObjects: 5.656708 ms  DeleteObjects: 1.903250 ms)

Prepare: number of updated asset objects reloaded= 0
========================================================================
Received Import Request.
  Time of request: 2026-08-11T09:41:29.866686Z
  Time since last request: 104.404943417 seconds.
  importAddress: GUID: f0260f1b5bcbc4708965dde4ead53ac2 - Path: Assets/script/EnemyChase.cs - Importer: PreviewImporter
Importing 'GUID: f0260f1b5bcbc4708965dde4ead53ac2 - Path: Assets/script/EnemyChase.cs - Importer: PreviewImporter' with importer (PreviewImporter)
Imported 'GUID: f0260f1b5bcbc4708965dde4ead53ac2' -> (Import Result ID: '4baf2758940895ee8927748fa497951e') in 0.001 seconds [static and dynamic dependencies]. Details - ImportResultOutputID=c322693b11b9b1c4925de78a32d3ddf1 DependenciesID=18c0c878ed89a7fa6229babd51b188b7 StaticDependenciesID=c8542d35886882749b0fe1dec76c707b 
Number of updated asset objects reloaded before import = 0
Number of asset objects unloaded after import = 0
========================================================================
Received Prepare
AcceleratorClientConnectionCallback - disconnected - :0
WARNING: Shader Unsupported: 'Universal Render Pipeline/VR/SpatialMapping/Wireframe' - All subshaders removed
WARNING: Shader Did you use #pragma only_renderers and omit this platform?
WARNING: Shader If subshaders removal was intentional, you may have forgotten turning Fallback off?
Shader Hidden/ChartRasterizerHardware is not supported: GPU does not support conservative rasterization
Unloading 24 Unused Serialized files (Serialized files now loaded: 0)
Unloading 24 unused Assets / (2.6 MB). Loaded Objects now: 8318.
Memory consumption went from 183.4 MB to 180.8 MB.
Total: 25.582291 ms (FindLiveObjects: 0.582875 ms CreateObjectMapping: 0.764958 ms MarkObjects: 22.910958 ms  DeleteObjects: 1.322750 ms)

Prepare: number of updated asset objects reloaded= 0
========================================================================
Received Import Request.
  Time of request: 2026-08-11T09:50:42.698012Z
  Time since last request: 552.82005600000002 seconds.
  importAddress: GUID: 22e827836539b4668a0ae26eb1491800 - Path: Assets/Animation/New Animation.anim - Importer: PreviewImporter
Importing 'GUID: 22e827836539b4668a0ae26eb1491800 - Path: Assets/Animation/New Animation.anim - Importer: PreviewImporter' with importer (PreviewImporter)
Imported 'GUID: 22e827836539b4668a0ae26eb1491800' -> (Import Result ID: 'f0d515c21e65f224f4df71c5247ed110') in 0.049 seconds [static and dynamic dependencies]. Details - ImportResultOutputID=263a1b6dfa4861c3b91573400562ee04 DependenciesID=ac094ee75eccde83ff847994308309c3 StaticDependenciesID=92615ea6c83740c1cda7c683122e305e 
Number of updated asset objects reloaded before import = 0
Number of asset objects unloaded after import = 1
========================================================================
Received Prepare
AcceleratorClientConnectionCallback - disconnected - :0
WARNING: Shader Unsupported: 'Universal Render Pipeline/VR/SpatialMapping/Wireframe' - All subshaders removed
WARNING: Shader Did you use #pragma only_renderers and omit this platform?
WARNING: Shader If subshaders removal was intentional, you may have forgotten turning Fallback off?
Shader Hidden/ChartRasterizerHardware is not supported: GPU does not support conservative rasterization
Unloading 24 Unused Serialized files (Serialized files now loaded: 0)
Unloading 24 unused Assets / (2.6 MB). Loaded Objects now: 8318.
Memory consumption went from 181.0 MB to 178.3 MB.
Total: 36.793708 ms (FindLiveObjects: 0.556000 ms CreateObjectMapping: 0.860791 ms MarkObjects: 34.344083 ms  DeleteObjects: 1.030084 ms)

Prepare: number of updated asset objects reloaded= 0
========================================================================
Received Import Request.
  Time of request: 2026-08-11T09:51:24.507658Z
  Time since last request: 41.635487666 seconds.
  importAddress: GUID: f0260f1b5bcbc4708965dde4ead53ac2 - Path: Assets/script/EnemyChase.cs - Importer: ScriptedImporter/UnityEditor.QuickSearchModule:UnityEditor.Search:ASIAI0B
Importing 'GUID: f0260f1b5bcbc4708965dde4ead53ac2 - Path: Assets/script/EnemyChase.cs - Importer: ScriptedImporter/UnityEditor.QuickSearchModule:UnityEditor.Search:ASIAI0B' with importer (ScriptedImporter : UnityEditor.QuickSearchModule:UnityEditor.Search:ASIAI0B)
Imported 'GUID: f0260f1b5bcbc4708965dde4ead53ac2' -> (Import Result ID: '7a1a83fc62dccefea05ad9ef6a960d85') in 0.105 seconds [static and dynamic dependencies]. Details - ImportResultOutputID=c909afb9a0b98de485f8bf5de43de1f8 DependenciesID=b34ce64bdad135af3d5ba614e052301e StaticDependenciesID=085bee2b0e31b317af288084021d6917 
Number of updated asset objects reloaded before import = 0
Number of asset objects unloaded after import = 0
========================================================================
Received Import Request.
  Time of request: 2026-08-11T09:51:24.623841Z
  Time since last request: 0.000631083 seconds.
  importAddress: GUID: 8c9cfa26abfee488c85f1582747f6a02 - Path: Assets/Scenes/SampleScene.unity - Importer: ScriptedImporter/UnityEditor.QuickSearchModule:UnityEditor.Search:ASIAI0B
Importing 'GUID: 8c9cfa26abfee488c85f1582747f6a02 - Path: Assets/Scenes/SampleScene.unity - Importer: ScriptedImporter/UnityEditor.QuickSearchModule:UnityEditor.Search:ASIAI0B' with importer (ScriptedImporter : UnityEditor.QuickSearchModule:UnityEditor.Search:ASIAI0B)
Imported 'GUID: 8c9cfa26abfee488c85f1582747f6a02' -> (Import Result ID: 'fc0ba9e26384b6af68131c4a4ada1aa0') in 0.006 seconds [static and dynamic dependencies]. Details - ImportResultOutputID=f1e579fe8e30b2d3573e4bdd28daa35d DependenciesID=c401535956b734dc1088d019a03bf99c StaticDependenciesID=f13a1a970c647063086ed5b51d90a646 
Number of updated asset objects reloaded before import = 0
Number of asset objects unloaded after import = 1
========================================================================
Received Import Request.
  Time of request: 2026-08-11T09:51:24.641539Z
  Time since last request: 0.000619583 seconds.
  importAddress: GUID: 246334d63440549e3b14b36d95b45505 - Path: Assets/Animation - Importer: ScriptedImporter/UnityEditor.QuickSearchModule:UnityEditor.Search:ASIAI0B
Importing 'GUID: 246334d63440549e3b14b36d95b45505 - Path: Assets/Animation - Importer: ScriptedImporter/UnityEditor.QuickSearchModule:UnityEditor.Search:ASIAI0B' with importer (ScriptedImporter : UnityEditor.QuickSearchModule:UnityEditor.Search:ASIAI0B)
Imported 'GUID: 246334d63440549e3b14b36d95b45505' -> (Import Result ID: '57edd529c69be41e2eac26c6b801c371') in 0.003 seconds [static and dynamic dependencies]. Details - ImportResultOutputID=f13b7998473ac7a6b27c6c75b376b214 DependenciesID=f2d588ac9314f5af1b91406f9dd43cf2 StaticDependenciesID=9c36f5c1c859178573aed5807cbe09d1 
Number of updated asset objects reloaded before import = 0
Number of asset objects unloaded after import = 1
========================================================================
Received Import Request.
  Time of request: 2026-08-11T09:52:19.943037Z
  Time since last request: 55.287527792 seconds.
  importAddress: GUID: c404d3547d0474f84bc1808864c02c28 - Path: Assets/New Animation.anim - Importer: ScriptedImporter/UnityEditor.QuickSearchModule:UnityEditor.Search:ASIAI0B
Importing 'GUID: c404d3547d0474f84bc1808864c02c28 - Path: Assets/New Animation.anim - Importer: ScriptedImporter/UnityEditor.QuickSearchModule:UnityEditor.Search:ASIAI0B' with importer (ScriptedImporter : UnityEditor.QuickSearchModule:UnityEditor.Search:ASIAI0B)
Imported 'GUID: c404d3547d0474f84bc1808864c02c28' -> (Import Result ID: '39c9c99cb824e6b95fae819f353d21c7') in 0.049 seconds [static and dynamic dependencies]. Details - ImportResultOutputID=8298a20664b98904fe932ba6c0095f10 DependenciesID=20525347ac9b905f825361b215d63c03 StaticDependenciesID=cf99a1385eac9a8483716ad813f16e1a 
Number of updated asset objects reloaded before import = 0
Number of asset objects unloaded after import = 1
========================================================================
Received Import Request.
  Time of request: 2026-08-11T09:53:53.754767Z
  Time since last request: 93.745528709 seconds.
  importAddress: GUID: 22e827836539b4668a0ae26eb1491800 - Path: Assets/Animation/New Animation.anim - Importer: ScriptedImporter/UnityEditor.QuickSearchModule:UnityEditor.Search:ASIAI0B
Importing 'GUID: 22e827836539b4668a0ae26eb1491800 - Path: Assets/Animation/New Animation.anim - Importer: ScriptedImporter/UnityEditor.QuickSearchModule:UnityEditor.Search:ASIAI0B' with importer (ScriptedImporter : UnityEditor.QuickSearchModule:UnityEditor.Search:ASIAI0B)
Imported 'GUID: 22e827836539b4668a0ae26eb1491800' -> (Import Result ID: '77748410c30a984f9025f513687db6fc') in 0.024 seconds [static and dynamic dependencies]. Details - ImportResultOutputID=872db15c6cf639b2dc61f72ab5fe40a4 DependenciesID=d1bd743e17ea2f3cf8db9be81779c06d StaticDependenciesID=cac8fc7a444d1d558a2525bb70638577 
Number of updated asset objects reloaded before import = 0
Number of asset objects unloaded after import = 1
========================================================================
Received Prepare
AcceleratorClientConnectionCallback - disconnected - :0
WARNING: Shader Unsupported: 'Universal Render Pipeline/VR/SpatialMapping/Wireframe' - All subshaders removed
WARNING: Shader Did you use #pragma only_renderers and omit this platform?
WARNING: Shader If subshaders removal was intentional, you may have forgotten turning Fallback off?
Shader Hidden/ChartRasterizerHardware is not supported: GPU does not support conservative rasterization
Unloading 24 Unused Serialized files (Serialized files now loaded: 0)
Unloading 25 unused Assets / (2.6 MB). Loaded Objects now: 8318.
Memory consumption went from 179.6 MB to 176.9 MB.
Total: 29.277000 ms (FindLiveObjects: 0.882667 ms CreateObjectMapping: 1.284666 ms MarkObjects: 26.324125 ms  DeleteObjects: 0.784875 ms)

Prepare: number of updated asset objects reloaded= 0
========================================================================
Received Prepare
AcceleratorClientConnectionCallback - disconnected - :0
WARNING: Shader Unsupported: 'Universal Render Pipeline/VR/SpatialMapping/Wireframe' - All subshaders removed
WARNING: Shader Did you use #pragma only_renderers and omit this platform?
WARNING: Shader If subshaders removal was intentional, you may have forgotten turning Fallback off?
Shader Hidden/ChartRasterizerHardware is not supported: GPU does not support conservative rasterization
Unloading 24 Unused Serialized files (Serialized files now loaded: 0)
Unloading 24 unused Assets / (2.6 MB). Loaded Objects now: 8318.
Memory consumption went from 179.6 MB to 176.9 MB.
Total: 30.184958 ms (FindLiveObjects: 0.514875 ms CreateObjectMapping: 0.791125 ms MarkObjects: 28.283167 ms  DeleteObjects: 0.594958 ms)

Prepare: number of updated asset objects reloaded= 0
========================================================================
Received Prepare
AcceleratorClientConnectionCallback - disconnected - :0
WARNING: Shader Unsupported: 'Universal Render Pipeline/VR/SpatialMapping/Wireframe' - All subshaders removed
WARNING: Shader Did you use #pragma only_renderers and omit this platform?
WARNING: Shader If subshaders removal was intentional, you may have forgotten turning Fallback off?
Shader Hidden/ChartRasterizerHardware is not supported: GPU does not support conservative rasterization
Unloading 24 Unused Serialized files (Serialized files now loaded: 0)
Unloading 24 unused Assets / (2.6 MB). Loaded Objects now: 8318.
Memory consumption went from 179.6 MB to 176.9 MB.
Total: 53.708667 ms (FindLiveObjects: 1.680333 ms CreateObjectMapping: 1.413459 ms MarkObjects: 49.851500 ms  DeleteObjects: 0.607250 ms)

Prepare: number of updated asset objects reloaded= 0
========================================================================
Received Import Request.
  Time of request: 2026-08-11T10:29:51.021479Z
  Time since last request: 2157.24139320899985 seconds.
  importAddress: GUID: c62e3e7a674e64ce783f594dadfbd802 - Path: Assets/Animation/enemy.controller - Importer: ScriptedImporter/UnityEditor.QuickSearchModule:UnityEditor.Search:ASIAI0B
Importing 'GUID: c62e3e7a674e64ce783f594dadfbd802 - Path: Assets/Animation/enemy.controller - Importer: ScriptedImporter/UnityEditor.QuickSearchModule:UnityEditor.Search:ASIAI0B' with importer (ScriptedImporter : UnityEditor.QuickSearchModule:UnityEditor.Search:ASIAI0B)
Imported 'GUID: c62e3e7a674e64ce783f594dadfbd802' -> (Import Result ID: 'eb6508934861043450283ba27271f5f2') in 0.012 seconds [static and dynamic dependencies]. Details - ImportResultOutputID=2861b9cff7a30e1cdcf835a434515771 DependenciesID=c844e4065df2f3f800834c917e153e05 StaticDependenciesID=0b7e5ff610c1101e45c1866c3fa70cda 
Number of updated asset objects reloaded before import = 0
Number of asset objects unloaded after import = 1
========================================================================
Received Prepare
AcceleratorClientConnectionCallback - disconnected - :0
WARNING: Shader Unsupported: 'Universal Render Pipeline/VR/SpatialMapping/Wireframe' - All subshaders removed
WARNING: Shader Did you use #pragma only_renderers and omit this platform?
WARNING: Shader If subshaders removal was intentional, you may have forgotten turning Fallback off?
Shader Hidden/ChartRasterizerHardware is not supported: GPU does not support conservative rasterization
Refreshing native plugins compatible for Editor in 2.90 ms, found 3 plugins.
Unloading 24 Unused Serialized files (Serialized files now loaded: 0)
Unloading 24 unused Assets / (2.6 MB). Loaded Objects now: 8318.
Memory consumption went from 179.6 MB to 176.9 MB.
Total: 30.169208 ms (FindLiveObjects: 1.484958 ms CreateObjectMapping: 0.978792 ms MarkObjects: 27.350500 ms  DeleteObjects: 0.354541 ms)

Prepare: number of updated asset objects reloaded= 0
========================================================================
Received Import Request.
  Time of request: 2026-08-11T10:34:48.930807Z
  Time since last request: 297.888334542 seconds.
  importAddress: GUID: b23c9967680364e8eb3235c70650b8ab - Path: Assets/Animation/enemy2 Animation.anim - Importer: ScriptedImporter/UnityEditor.QuickSearchModule:UnityEditor.Search:ASIAI0B
Importing 'GUID: b23c9967680364e8eb3235c70650b8ab - Path: Assets/Animation/enemy2 Animation.anim - Importer: ScriptedImporter/UnityEditor.QuickSearchModule:UnityEditor.Search:ASIAI0B' with importer (ScriptedImporter : UnityEditor.QuickSearchModule:UnityEditor.Search:ASIAI0B)
Imported 'GUID: b23c9967680364e8eb3235c70650b8ab' -> (Import Result ID: 'e8fe4c742aa905688a26931f73bc198e') in 0.011 seconds [static and dynamic dependencies]. Details - ImportResultOutputID=410fdb63d511402d4948d3c723b5c626 DependenciesID=e12e00c2f04b8a3374cf810eb798fe7e StaticDependenciesID=d580d4e79bb2ef0c1755ad476b21b7bc 
Number of updated asset objects reloaded before import = 0
Number of asset objects unloaded after import = 1
========================================================================
Received Prepare
AcceleratorClientConnectionCallback - disconnected - :0
[Licensing::Client] Successfully resolved entitlement details
Begin MonoManager ReloadAssembly
Thread 0x16d243000 may have been prematurely finalized
ADTM: Control thread waiting for realtime thread timed out, have to lock...
Native extension for OSXStandalone target not found
Native extension for WebGL target not found
[Package Manager] Failed to launch server process. Reason: Unity was launched with the -noUpm command-line argument
[Package Manager] Unable to send message (not connected to server process).
[Package Manager] Cannot connect to Unity Package Manager local server
[Package Manager] Failed to launch server process. Reason: Unity was launched with the -noUpm command-line argument
[Package Manager] Unable to send message (not connected to server process).
[Package Manager] Cannot connect to Unity Package Manager local server
ScheduleIndexationOnStartup MainProcess:False IndexOnStartup:True
Mono: successfully reloaded assembly
- Finished resetting the current domain, in  0.507 seconds
Domain Reload Profiling: 2390ms
	BeginReloadAssembly (1303ms)
		DisableScriptedObjects (25ms)
		CreateAndSetChildDomain (1078ms)
	RebuildCommonClasses (7ms)
	RebuildNativeTypeToScriptingClass (15ms)
	initialDomainReloadingComplete (53ms)
	LoadAllAssembliesAndSetupDomain (505ms)
		LoadAssemblies (395ms)
		AnalyzeDomain (166ms)
			TypeCache.Refresh (16ms)
			BuildScriptInfoCaches (144ms)
			ResolveRequiredComponents (4ms)
	FinalizeReload (507ms)
		SetupLoadedEditorAssemblies (0ms)
			BeforeProcessingInitializeOnLoad (59ms)
			ProcessInitializeOnLoadAttributes (213ms)
			ProcessInitializeOnLoadMethodAttributes (67ms)
		AwakeInstancesAfterBackupRestoration (11ms)
WARNING: Shader Unsupported: 'Universal Render Pipeline/VR/SpatialMapping/Wireframe' - All subshaders removed
WARNING: Shader Did you use #pragma only_renderers and omit this platform?
WARNING: Shader If subshaders removal was intentional, you may have forgotten turning Fallback off?
Shader Hidden/ChartRasterizerHardware is not supported: GPU does not support conservative rasterization
Unloading 24 Unused Serialized files (Serialized files now loaded: 0)
Unloading 7362 unused Assets / (4.9 MB). Loaded Objects now: 8321.
Memory consumption went from 193.1 MB to 188.2 MB.
Total: 10.640250 ms (FindLiveObjects: 0.754500 ms CreateObjectMapping: 1.840666 ms MarkObjects: 5.518709 ms  DeleteObjects: 2.333291 ms)

Prepare: number of updated asset objects reloaded= 0
========================================================================
Received Prepare
AcceleratorClientConnectionCallback - disconnected - :0
WARNING: Shader Unsupported: 'Universal Render Pipeline/VR/SpatialMapping/Wireframe' - All subshaders removed
WARNING: Shader Did you use #pragma only_renderers and omit this platform?
WARNING: Shader If subshaders removal was intentional, you may have forgotten turning Fallback off?
Shader Hidden/ChartRasterizerHardware is not supported: GPU does not support conservative rasterization
Unloading 24 Unused Serialized files (Serialized files now loaded: 0)
Unloading 24 unused Assets / (2.6 MB). Loaded Objects now: 8321.
Memory consumption went from 180.5 MB to 177.9 MB.
Total: 28.839333 ms (FindLiveObjects: 1.083250 ms CreateObjectMapping: 1.375666 ms MarkObjects: 26.034125 ms  DeleteObjects: 0.345792 ms)

Prepare: number of updated asset objects reloaded= 0
========================================================================
Received Prepare
AcceleratorClientConnectionCallback - disconnected - :0
[Licensing::Client] Successfully resolved entitlement details
Begin MonoManager ReloadAssembly
Thread 0x16d243000 may have been prematurely finalized
ADTM: Control thread waiting for realtime thread timed out, have to lock...
Native extension for OSXStandalone target not found
Native extension for WebGL target not found
[Package Manager] Failed to launch server process. Reason: Unity was launched with the -noUpm command-line argument
[Package Manager] Unable to send message (not connected to server process).
[Package Manager] Cannot connect to Unity Package Manager local server
[Package Manager] Failed to launch server process. Reason: Unity was launched with the -noUpm command-line argument
[Package Manager] Unable to send message (not connected to server process).
[Package Manager] Cannot connect to Unity Package Manager local server
ScheduleIndexationOnStartup MainProcess:False IndexOnStartup:True
Mono: successfully reloaded assembly
- Finished resetting the current domain, in  0.526 seconds
Domain Reload Profiling: 2720ms
	BeginReloadAssembly (1440ms)
		DisableScriptedObjects (30ms)
		CreateAndSetChildDomain (1134ms)
	RebuildCommonClasses (9ms)
	RebuildNativeTypeToScriptingClass (17ms)
	initialDomainReloadingComplete (47ms)
	LoadAllAssembliesAndSetupDomain (680ms)
		LoadAssemblies (589ms)
		AnalyzeDomain (189ms)
			TypeCache.Refresh (25ms)
			BuildScriptInfoCaches (155ms)
			ResolveRequiredComponents (4ms)
	FinalizeReload (526ms)
		SetupLoadedEditorAssemblies (0ms)
			BeforeProcessingInitializeOnLoad (62ms)
			ProcessInitializeOnLoadAttributes (222ms)
			ProcessInitializeOnLoadMethodAttributes (71ms)
		AwakeInstancesAfterBackupRestoration (13ms)
WARNING: Shader Unsupported: 'Universal Render Pipeline/VR/SpatialMapping/Wireframe' - All subshaders removed
WARNING: Shader Did you use #pragma only_renderers and omit this platform?
WARNING: Shader If subshaders removal was intentional, you may have forgotten turning Fallback off?
Shader Hidden/ChartRasterizerHardware is not supported: GPU does not support conservative rasterization
Unloading 42 Unused Serialized files (Serialized files now loaded: 0)
Unloading 7414 unused Assets / (6.0 MB). Loaded Objects now: 8358.
Memory consumption went from 198.5 MB to 192.6 MB.
Total: 12.523625 ms (FindLiveObjects: 0.840000 ms CreateObjectMapping: 1.862459 ms MarkObjects: 5.952708 ms  DeleteObjects: 3.000458 ms)

Prepare: number of updated asset objects reloaded= 0
========================================================================
Received Import Request.
  Time of request: 2026-08-11T11:15:14.250734Z
  Time since last request: 2425.29755920800017 seconds.
  importAddress: GUID: e73a58f6e2794ae7b1b7e50b7fb811b0 - Path: Assets/TextMesh Pro/Resources/Fonts & Materials/LiberationSans SDF - Drop Shadow.mat - Importer: ScriptedImporter/UnityEditor.QuickSearchModule:UnityEditor.Search:ASIAI0B
Importing 'GUID: e73a58f6e2794ae7b1b7e50b7fb811b0 - Path: Assets/TextMesh Pro/Resources/Fonts & Materials/LiberationSans SDF - Drop Shadow.mat - Importer: ScriptedImporter/UnityEditor.QuickSearchModule:UnityEditor.Search:ASIAI0B' with importer (ScriptedImporter : UnityEditor.QuickSearchModule:UnityEditor.Search:ASIAI0B)
Imported 'GUID: e73a58f6e2794ae7b1b7e50b7fb811b0' -> (Import Result ID: 'd167ef93c20ba1fb135c28fa5e19558c') in 0.143 seconds [static and dynamic dependencies]. Details - ImportResultOutputID=5a1d04f4645cdc2d5235519e5facbd8b DependenciesID=b8b63b6bd16ce2f926227bce098d5483 StaticDependenciesID=a3e34b18c6241ca1e95e2faef03d9855 
Number of updated asset objects reloaded before import = 0
Number of asset objects unloaded after import = 3
========================================================================
Received Import Request.
  Time of request: 2026-08-11T11:15:14.50032Z
  Time since last request: 0.003175166 seconds.
  importAddress: GUID: 5e00edbeb9d9f481c8c8924d2716ae06 - Path: Assets/script/PlayerShooting.cs - Importer: ScriptedImporter/UnityEditor.QuickSearchModule:UnityEditor.Search:ASIAI0B
Importing 'GUID: 5e00edbeb9d9f481c8c8924d2716ae06 - Path: Assets/script/PlayerShooting.cs - Importer: ScriptedImporter/UnityEditor.QuickSearchModule:UnityEditor.Search:ASIAI0B' with importer (ScriptedImporter : UnityEditor.QuickSearchModule:UnityEditor.Search:ASIAI0B)
Imported 'GUID: 5e00edbeb9d9f481c8c8924d2716ae06' -> (Import Result ID: 'ff341ede8dbcb9a51c1ead060b0f3223') in 0.025 seconds [static and dynamic dependencies]. Details - ImportResultOutputID=76f1acee8efd0578bad236648c39a902 DependenciesID=2349d954e6da7d56376657a808549af8 StaticDependenciesID=4ce69c942103dcd3d563e39cbdfc5174 
Number of updated asset objects reloaded before import = 0
Number of asset objects unloaded after import = 0
========================================================================
Received Import Request.
  Time of request: 2026-08-11T11:15:14.53665Z
  Time since last request: 0.000590875 seconds.
  importAddress: GUID: 0851605490a599b46b6ac5cb681d93ea - Path: Assets/TextMesh Pro/Examples & Extras/Scenes/26 - Dropdown Placeholder Example.unity - Importer: ScriptedImporter/UnityEditor.QuickSearchModule:UnityEditor.Search:ASIAI0B
Importing 'GUID: 0851605490a599b46b6ac5cb681d93ea - Path: Assets/TextMesh Pro/Examples & Extras/Scenes/26 - Dropdown Placeholder Example.unity - Importer: ScriptedImporter/UnityEditor.QuickSearchModule:UnityEditor.Search:ASIAI0B' with importer (ScriptedImporter : UnityEditor.QuickSearchModule:UnityEditor.Search:ASIAI0B)
Imported 'GUID: 0851605490a599b46b6ac5cb681d93ea' -> (Import Result ID: 'a58120b358616d0e7fb63761b1c5442e') in 0.007 seconds [static and dynamic dependencies]. Details - ImportResultOutputID=71a2979740e8c670949cb4e8985e7002 DependenciesID=6da9c36b44d37e95c3adffad20f5a1b3 StaticDependenciesID=6e3f254642e3ff11362eb4999454367f 
Number of updated asset objects reloaded before import = 0
Number of asset objects unloaded after import = 1
========================================================================
Received Import Request.
  Time of request: 2026-08-11T11:15:14.556799Z
  Time since last request: 0.000969416 seconds.
  importAddress: GUID: bc1ede39bf3643ee8e493720e4259791 - Path: Assets/TextMesh Pro/Shaders/TMP_SDF-Mobile Masking.shader - Importer: ScriptedImporter/UnityEditor.QuickSearchModule:UnityEditor.Search:ASIAI0B
Importing 'GUID: bc1ede39bf3643ee8e493720e4259791 - Path: Assets/TextMesh Pro/Shaders/TMP_SDF-Mobile Masking.shader - Importer: ScriptedImporter/UnityEditor.QuickSearchModule:UnityEditor.Search:ASIAI0B' with importer (ScriptedImporter : UnityEditor.QuickSearchModule:UnityEditor.Search:ASIAI0B)
Imported 'GUID: bc1ede39bf3643ee8e493720e4259791' -> (Import Result ID: 'b1da43b489b2f89a8dfe2050f9b54df4') in 0.014 seconds [static and dynamic dependencies]. Details - ImportResultOutputID=afcf7da4888260f3d96211fa0268ac02 DependenciesID=a0549cfa4ebb23152b1b97a65ed4fde0 StaticDependenciesID=c5cbba0447380ea4bdc31ef4cacd2ccf 
Number of updated asset objects reloaded before import = 0
Number of asset objects unloaded after import = 1
========================================================================
Received Import Request.
  Time of request: 2026-08-11T11:15:14.584494Z
  Time since last request: 0.00252725 seconds.
  importAddress: GUID: 602cb87b6a29443b8636370ea0751574 - Path: Assets/TextMesh Pro/Examples & Extras/Textures/Small Crate_diffuse.jpg - Importer: ScriptedImporter/UnityEditor.QuickSearchModule:UnityEditor.Search:ASIAI0B
Importing 'GUID: 602cb87b6a29443b8636370ea0751574 - Path: Assets/TextMesh Pro/Examples & Extras/Textures/Small Crate_diffuse.jpg - Importer: ScriptedImporter/UnityEditor.QuickSearchModule:UnityEditor.Search:ASIAI0B' with importer (ScriptedImporter : UnityEditor.QuickSearchModule:UnityEditor.Search:ASIAI0B)
Imported 'GUID: 602cb87b6a29443b8636370ea0751574' -> (Import Result ID: 'c5412a040428000d4284a80bb8757b5f') in 0.031 seconds [static and dynamic dependencies]. Details - ImportResultOutputID=6ee4989de86056fec5f857627cef1763 DependenciesID=0f98aa5078e97407bf08a412e4a3051f StaticDependenciesID=09768ce13d1e2242642731f92a27d4ad 
Number of updated asset objects reloaded before import = 0
Number of asset objects unloaded after import = 1
========================================================================
Received Import Request.
  Time of request: 2026-08-11T11:15:14.627102Z
  Time since last request: 0.001213625 seconds.
  importAddress: GUID: 85187c2149c549c5b33f0cdb02836b17 - Path: Assets/TextMesh Pro/Shaders/TMP_SDF-Surface-Mobile.shader - Importer: ScriptedImporter/UnityEditor.QuickSearchModule:UnityEditor.Search:ASIAI0B
Importing 'GUID: 85187c2149c549c5b33f0cdb02836b17 - Path: Assets/TextMesh Pro/Shaders/TMP_SDF-Surface-Mobile.shader - Importer: ScriptedImporter/UnityEditor.QuickSearchModule:UnityEditor.Search:ASIAI0B' with importer (ScriptedImporter : UnityEditor.QuickSearchModule:UnityEditor.Search:ASIAI0B)
Imported 'GUID: 85187c2149c549c5b33f0cdb02836b17' -> (Import Result ID: '4a1e75818e5d0b8634e5b3ea22a038a4') in 0.005 seconds [static and dynamic dependencies]. Details - ImportResultOutputID=670535769772b72fa1cf35f1b2118853 DependenciesID=9a742ea1edc7939f24a54f35165ba7a1 StaticDependenciesID=679401d1eaf6d79ac5dc79446f4026f6 
Number of updated asset objects reloaded before import = 0
Number of asset objects unloaded after import = 1
========================================================================
Received Import Request.
  Time of request: 2026-08-11T11:15:14.643952Z
  Time since last request: 0.0014835 seconds.
  importAddress: GUID: 5c6f31a5a80ebc04f8bcfdeed8327fe1 - Path: Assets/TextMesh Pro/Shaders/TMP_SDF SSD SpaceWarp.shader - Importer: ScriptedImporter/UnityEditor.QuickSearchModule:UnityEditor.Search:ASIAI0B
Importing 'GUID: 5c6f31a5a80ebc04f8bcfdeed8327fe1 - Path: Assets/TextMesh Pro/Shaders/TMP_SDF SSD SpaceWarp.shader - Importer: ScriptedImporter/UnityEditor.QuickSearchModule:UnityEditor.Search:ASIAI0B' with importer (ScriptedImporter : UnityEditor.QuickSearchModule:UnityEditor.Search:ASIAI0B)
Imported 'GUID: 5c6f31a5a80ebc04f8bcfdeed8327fe1' -> (Import Result ID: 'dc1a6ac6bebdf1ef147c4ce0291b1d7d') in 0.005 seconds [static and dynamic dependencies]. Details - ImportResultOutputID=a84f76c26cf4c9a12dd3472000a00bf7 DependenciesID=af7bc675fc22882f102b6006cade7e10 StaticDependenciesID=0752b6d005887410769f456d06526a8c 
Number of updated asset objects reloaded before import = 0
Number of asset objects unloaded after import = 2
========================================================================
Received Import Request.
  Time of request: 2026-08-11T11:15:14.660065Z
  Time since last request: 0.00100775 seconds.
  importAddress: GUID: fade42e8bc714b018fac513c043d323b - Path: Assets/TextMesh Pro/Resources/LineBreaking Following Characters.txt - Importer: ScriptedImporter/UnityEditor.QuickSearchModule:UnityEditor.Search:ASIAI0B
Importing 'GUID: fade42e8bc714b018fac513c043d323b - Path: Assets/TextMesh Pro/Resources/LineBreaking Following Characters.txt - Importer: ScriptedImporter/UnityEditor.QuickSearchModule:UnityEditor.Search:ASIAI0B' with importer (ScriptedImporter : UnityEditor.QuickSearchModule:UnityEditor.Search:ASIAI0B)
Imported 'GUID: fade42e8bc714b018fac513c043d323b' -> (Import Result ID: '009cd3d18c0b86f4c4fed72cc09a846c') in 0.002 seconds [static and dynamic dependencies]. Details - ImportResultOutputID=e1144b6a8c7c7b45622bd9cd47e38167 DependenciesID=139ab7cdd017ab714fb84086c9826feb StaticDependenciesID=3deb24930b295084dba8f37a95bd3f66 
Number of updated asset objects reloaded before import = 0
Number of asset objects unloaded after import = 1
========================================================================
Received Import Request.
  Time of request: 2026-08-11T11:15:14.672941Z
  Time since last request: 0.000724125 seconds.
  importAddress: GUID: e3265ab4bf004d28a9537516768c1c75 - Path: Assets/TextMesh Pro/Fonts/LiberationSans.ttf - Importer: ScriptedImporter/UnityEditor.QuickSearchModule:UnityEditor.Search:ASIAI0B
Importing 'GUID: e3265ab4bf004d28a9537516768c1c75 - Path: Assets/TextMesh Pro/Fonts/LiberationSans.ttf - Importer: ScriptedImporter/UnityEditor.QuickSearchModule:UnityEditor.Search:ASIAI0B' with importer (ScriptedImporter : UnityEditor.QuickSearchModule:UnityEditor.Search:ASIAI0B)
Imported 'GUID: e3265ab4bf004d28a9537516768c1c75' -> (Import Result ID: '6a8daeabf4b3051b6220e97f1e67507b') in 0.022 seconds [static and dynamic dependencies]. Details - ImportResultOutputID=965e542003c3743bff094dcec6156079 DependenciesID=5ae60698658aeeb34fbc7e0ba6852f81 StaticDependenciesID=fa1e3516c3e03ed309c88c65720f1d20 
Number of updated asset objects reloaded before import = 0
Number of asset objects unloaded after import = 3
========================================================================
Received Import Request.
  Time of request: 2026-08-11T11:15:14.706456Z
  Time since last request: 0.000806417 seconds.
  importAddress: GUID: 73e30a48eca124c6d877ecb7ff8f0280 - Path: Assets/Animation/Player.controller - Importer: ScriptedImporter/UnityEditor.QuickSearchModule:UnityEditor.Search:ASIAI0B
Importing 'GUID: 73e30a48eca124c6d877ecb7ff8f0280 - Path: Assets/Animation/Player.controller - Importer: ScriptedImporter/UnityEditor.QuickSearchModule:UnityEditor.Search:ASIAI0B' with importer (ScriptedImporter : UnityEditor.QuickSearchModule:UnityEditor.Search:ASIAI0B)
Imported 'GUID: 73e30a48eca124c6d877ecb7ff8f0280' -> (Import Result ID: '70c9f1550039d4e60edb62afcbb0f22b') in 0.008 seconds [static and dynamic dependencies]. Details - ImportResultOutputID=e0c5133dc82b10941d8116ddf0c99ccd DependenciesID=1a0adf02b8dde814afd6f3729ff0f246 StaticDependenciesID=8c2274fbc33ae6aa6f8ae3b3b708872e 
Number of updated asset objects reloaded before import = 0
Number of asset objects unloaded after import = 4
========================================================================
Received Import Request.
  Time of request: 2026-08-11T11:15:14.725597Z
  Time since last request: 0.000627 seconds.
  importAddress: GUID: 4ccf43d26c4748c792174516f4a8fcef - Path: Assets/TextMesh Pro/Examples & Extras/Textures/Text Overflow - Linked Text Image 1.png - Importer: ScriptedImporter/UnityEditor.QuickSearchModule:UnityEditor.Search:ASIAI0B
Importing 'GUID: 4ccf43d26c4748c792174516f4a8fcef - Path: Assets/TextMesh Pro/Examples & Extras/Textures/Text Overflow - Linked Text Image 1.png - Importer: ScriptedImporter/UnityEditor.QuickSearchModule:UnityEditor.Search:ASIAI0B' with importer (ScriptedImporter : UnityEditor.QuickSearchModule:UnityEditor.Search:ASIAI0B)
Imported 'GUID: 4ccf43d26c4748c792174516f4a8fcef' -> (Import Result ID: '45870d997fd0415ac940fd5bc6c5c909') in 0.005 seconds [static and dynamic dependencies]. Details - ImportResultOutputID=9836ad06aee096f3cf61d6b5e5342824 DependenciesID=9bd5228cf7055e62b7315662050742ac StaticDependenciesID=270ceba82dd517de689bd8b3c4d5aaa3 
Number of updated asset objects reloaded before import = 0
Number of asset objects unloaded after import = 1
========================================================================
Received Import Request.
  Time of request: 2026-08-11T11:15:14.741828Z
  Time since last request: 0.000697542 seconds.
  importAddress: GUID: b5ab6cb89ffa7004ca59c01dddd06493 - Path: Assets/TextMesh Pro/Shaders/TMP_SDF SpaceWarp.shader - Importer: ScriptedImporter/UnityEditor.QuickSearchModule:UnityEditor.Search:ASIAI0B
Importing 'GUID: b5ab6cb89ffa7004ca59c01dddd06493 - Path: Assets/TextMesh Pro/Shaders/TMP_SDF SpaceWarp.shader - Importer: ScriptedImporter/UnityEditor.QuickSearchModule:UnityEditor.Search:ASIAI0B' with importer (ScriptedImporter : UnityEditor.QuickSearchModule:UnityEditor.Search:ASIAI0B)
Imported 'GUID: b5ab6cb89ffa7004ca59c01dddd06493' -> (Import Result ID: '9a63adaeecb140ffe9ab4493997fb411') in 0.004 seconds [static and dynamic dependencies]. Details - ImportResultOutputID=848be5b7dc1bd2dd3319306fc13b57b5 DependenciesID=efb9de7557173e6a9485ce788b26357e StaticDependenciesID=86abc2faed4d01bb5dd20338de8e889b 
Number of updated asset objects reloaded before import = 0
Number of asset objects unloaded after import = 2
========================================================================
Received Import Request.
  Time of request: 2026-08-11T11:15:14.756557Z
  Time since last request: 0.000693833 seconds.
  importAddress: GUID: a3d800b099a06e0478fb790c5e79057a - Path: Assets/TextMesh Pro/Shaders/TMP_SDF-URP Lit.shadergraph - Importer: ScriptedImporter/UnityEditor.QuickSearchModule:UnityEditor.Search:ASIAI0B
Importing 'GUID: a3d800b099a06e0478fb790c5e79057a - Path: Assets/TextMesh Pro/Shaders/TMP_SDF-URP Lit.shadergraph - Importer: ScriptedImporter/UnityEditor.QuickSearchModule:UnityEditor.Search:ASIAI0B' with importer (ScriptedImporter : UnityEditor.QuickSearchModule:UnityEditor.Search:ASIAI0B)
Imported 'GUID: a3d800b099a06e0478fb790c5e79057a' -> (Import Result ID: '17155ad674b4c3f227f431c4db753b5d') in 0.370 seconds [static and dynamic dependencies]. Details - ImportResultOutputID=d4d37f844e0d53deafca4e128ba939be DependenciesID=683ce337a258b49857b3d2d1fa747725 StaticDependenciesID=66983c10ed45e6249b0b0e2775bf99f2 
Number of updated asset objects reloaded before import = 0
Number of asset objects unloaded after import = 5
========================================================================
Received Import Request.
  Time of request: 2026-08-11T11:15:15.137108Z
  Time since last request: 0.000715 seconds.
  importAddress: GUID: a02a7d8c237544f1962732b55a9aebf1 - Path: Assets/TextMesh Pro/Shaders/TMP_SDF-Mobile Overlay.shader - Importer: ScriptedImporter/UnityEditor.QuickSearchModule:UnityEditor.Search:ASIAI0B
Importing 'GUID: a02a7d8c237544f1962732b55a9aebf1 - Path: Assets/TextMesh Pro/Shaders/TMP_SDF-Mobile Overlay.shader - Importer: ScriptedImporter/UnityEditor.QuickSearchModule:UnityEditor.Search:ASIAI0B' with importer (ScriptedImporter : UnityEditor.QuickSearchModule:UnityEditor.Search:ASIAI0B)
Imported 'GUID: a02a7d8c237544f1962732b55a9aebf1' -> (Import Result ID: '4fb93d030ae6cfb33f67491483c2a3d6') in 0.003 seconds [static and dynamic dependencies]. Details - ImportResultOutputID=05aebd37f1f22e07a86c173efc425868 DependenciesID=52a526ad462bef825a9489dc7817df08 StaticDependenciesID=cf677355c287aa6991777011f3ec0e03 
Number of updated asset objects reloaded before import = 0
Number of asset objects unloaded after import = 1
========================================================================
Received Import Request.
  Time of request: 2026-08-11T11:15:15.150942Z
  Time since last request: 0.000590209 seconds.
  importAddress: GUID: 2ae3f84ba70f31a448850bf95ca45125 - Path: Assets/TextMesh Pro/Shaders/TMP_SDF-Mobile SpaceWarp.shader - Importer: ScriptedImporter/UnityEditor.QuickSearchModule:UnityEditor.Search:ASIAI0B
Importing 'GUID: 2ae3f84ba70f31a448850bf95ca45125 - Path: Assets/TextMesh Pro/Shaders/TMP_SDF-Mobile SpaceWarp.shader - Importer: ScriptedImporter/UnityEditor.QuickSearchModule:UnityEditor.Search:ASIAI0B' with importer (ScriptedImporter : UnityEditor.QuickSearchModule:UnityEditor.Search:ASIAI0B)
Imported 'GUID: 2ae3f84ba70f31a448850bf95ca45125' -> (Import Result ID: '2bcdc80dcb4441aefeb69f7d35e09a98') in 0.003 seconds [static and dynamic dependencies]. Details - ImportResultOutputID=d995ae28f148f2d570211c2b87c081b2 DependenciesID=0fff8eac572272b28605c36d0cb6f05c StaticDependenciesID=19a2613612db58f1e40835310846d4f2 
Number of updated asset objects reloaded before import = 0
Number of asset objects unloaded after import = 1
========================================================================
Received Import Request.
  Time of request: 2026-08-11T11:15:15.164914Z
  Time since last request: 0.000657791 seconds.
  importAddress: GUID: f9b4c22e15cff344ba9fc6542a58dd07 - Path: Assets/TextMesh Pro/Examples & Extras/Scenes/25 - Sunny Days Example.unity - Importer: ScriptedImporter/UnityEditor.QuickSearchModule:UnityEditor.Search:ASIAI0B
Importing 'GUID: f9b4c22e15cff344ba9fc6542a58dd07 - Path: Assets/TextMesh Pro/Examples & Extras/Scenes/25 - Sunny Days Example.unity - Importer: ScriptedImporter/UnityEditor.QuickSearchModule:UnityEditor.Search:ASIAI0B' with importer (ScriptedImporter : UnityEditor.QuickSearchModule:UnityEditor.Search:ASIAI0B)
Imported 'GUID: f9b4c22e15cff344ba9fc6542a58dd07' -> (Import Result ID: '144823c73bdd6086aa10dc359a1d601f') in 0.005 seconds [static and dynamic dependencies]. Details - ImportResultOutputID=304b0a1cac72b0edace25c2563ed783d DependenciesID=b8a3a0b010d97d13891dd859c47fbf0a StaticDependenciesID=588ed69fa5b387009b0173fedf580289 
Number of updated asset objects reloaded before import = 0
Number of asset objects unloaded after import = 1
========================================================================
Received Import Request.
  Time of request: 2026-08-11T11:15:15.180396Z
  Time since last request: 0.000460792 seconds.
  importAddress: GUID: 48bb5f55d8670e349b6e614913f9d910 - Path: Assets/TextMesh Pro/Shaders/TMP_Bitmap-Custom-Atlas.shader - Importer: ScriptedImporter/UnityEditor.QuickSearchModule:UnityEditor.Search:ASIAI0B
Importing 'GUID: 48bb5f55d8670e349b6e614913f9d910 - Path: Assets/TextMesh Pro/Shaders/TMP_Bitmap-Custom-Atlas.shader - Importer: ScriptedImporter/UnityEditor.QuickSearchModule:UnityEditor.Search:ASIAI0B' with importer (ScriptedImporter : UnityEditor.QuickSearchModule:UnityEditor.Search:ASIAI0B)
Imported 'GUID: 48bb5f55d8670e349b6e614913f9d910' -> (Import Result ID: 'c23bb94cc0adb24e9ed9a374b716107b') in 0.003 seconds [static and dynamic dependencies]. Details - ImportResultOutputID=aed94eeed9e35777896f20a77f161dec DependenciesID=7582864df2384777f399bf5586e97ded StaticDependenciesID=5467c0dbb2ecaf594faf486a9a2f3341 
Number of updated asset objects reloaded before import = 0
Number of asset objects unloaded after import = 1
========================================================================
Received Import Request.
  Time of request: 2026-08-11T11:15:15.197464Z
  Time since last request: 0.001840125 seconds.
  importAddress: GUID: 4aecb92fff08436c8303b10eab8da368 - Path: Assets/TextMesh Pro/Resources/Style Sheets - Importer: ScriptedImporter/UnityEditor.QuickSearchModule:UnityEditor.Search:ASIAI0B
Importing 'GUID: 4aecb92fff08436c8303b10eab8da368 - Path: Assets/TextMesh Pro/Resources/Style Sheets - Importer: ScriptedImporter/UnityEditor.QuickSearchModule:UnityEditor.Search:ASIAI0B' with importer (ScriptedImporter : UnityEditor.QuickSearchModule:UnityEditor.Search:ASIAI0B)
Imported 'GUID: 4aecb92fff08436c8303b10eab8da368' -> (Import Result ID: 'bc8d5c84cfea9ed1cf3041af31704628') in 0.002 seconds [static and dynamic dependencies]. Details - ImportResultOutputID=3b42f84e086dd62a428ef8cbe31cf2ab DependenciesID=f2c33e89ace1a3a943b2af0e867a57ba StaticDependenciesID=82fff376c297d8b864b360d20a07e963 
Number of updated asset objects reloaded before import = 0
Number of asset objects unloaded after import = 1
========================================================================
Received Import Request.
  Time of request: 2026-08-11T11:15:15.213883Z
  Time since last request: 0.000840042 seconds.
  importAddress: GUID: 014cceca7f3614a2d85cf65a2ac19aa2 - Path: Assets/Animation/Enemy1 Animation.anim - Importer: ScriptedImporter/UnityEditor.QuickSearchModule:UnityEditor.Search:ASIAI0B
Importing 'GUID: 014cceca7f3614a2d85cf65a2ac19aa2 - Path: Assets/Animation/Enemy1 Animation.anim - Importer: ScriptedImporter/UnityEditor.QuickSearchModule:UnityEditor.Search:ASIAI0B' with importer (ScriptedImporter : UnityEditor.QuickSearchModule:UnityEditor.Search:ASIAI0B)
Imported 'GUID: 014cceca7f3614a2d85cf65a2ac19aa2' -> (Import Result ID: 'e1df0900875f74a2c0c5a51a55fd2d0e') in 0.006 seconds [static and dynamic dependencies]. Details - ImportResultOutputID=6e2dce3427de99ff6698b1efb27b7af7 DependenciesID=365d53d586567dc45760863bfb84fc1f StaticDependenciesID=c4ae56fb6d184280d167de327ed6eb2f 
Number of updated asset objects reloaded before import = 0
Number of asset objects unloaded after import = 1
========================================================================
Received Import Request.
  Time of request: 2026-08-11T11:15:15.232957Z
  Time since last request: 0.001762125 seconds.
  importAddress: GUID: 0178fcb869bafef4690d177d31d17db8 - Path: Assets/TextMesh Pro/Shaders/TMP_SDF-Mobile-2-Pass.shader - Importer: ScriptedImporter/UnityEditor.QuickSearchModule:UnityEditor.Search:ASIAI0B
Importing 'GUID: 0178fcb869bafef4690d177d31d17db8 - Path: Assets/TextMesh Pro/Shaders/TMP_SDF-Mobile-2-Pass.shader - Importer: ScriptedImporter/UnityEditor.QuickSearchModule:UnityEditor.Search:ASIAI0B' with importer (ScriptedImporter : UnityEditor.QuickSearchModule:UnityEditor.Search:ASIAI0B)
Imported 'GUID: 0178fcb869bafef4690d177d31d17db8' -> (Import Result ID: '0f8a3557e93c5b54ce4004b54bf53c8a') in 0.003 seconds [static and dynamic dependencies]. Details - ImportResultOutputID=da3498ef9a53dfab266b0d1036251840 DependenciesID=fb45ac04603a805078ed57c39b864075 StaticDependenciesID=dc1b2602a5ab73d250b979bdbb3bf6ff 
Number of updated asset objects reloaded before import = 0
Number of asset objects unloaded after import = 1
========================================================================
Received Import Request.
  Time of request: 2026-08-11T11:15:15.246721Z
  Time since last request: 0.001400333 seconds.
  importAddress: GUID: 54e994244b4b467e8583cf2da6dcc716 - Path: Assets/TextMesh Pro/Examples & Extras/Scenes/23 - Animating Vertex Attributes.unity - Importer: ScriptedImporter/UnityEditor.QuickSearchModule:UnityEditor.Search:ASIAI0B
Importing 'GUID: 54e994244b4b467e8583cf2da6dcc716 - Path: Assets/TextMesh Pro/Examples & Extras/Scenes/23 - Animating Vertex Attributes.unity - Importer: ScriptedImporter/UnityEditor.QuickSearchModule:UnityEditor.Search:ASIAI0B' with importer (ScriptedImporter : UnityEditor.QuickSearchModule:UnityEditor.Search:ASIAI0B)
Imported 'GUID: 54e994244b4b467e8583cf2da6dcc716' -> (Import Result ID: '49b2c4d37351d2db7ecc96c34eb699f3') in 0.002 seconds [static and dynamic dependencies]. Details - ImportResultOutputID=2d0b14a76f9461405e8b67988377d3a1 DependenciesID=6f1ab1f92a2153d33c33fc61f7f68c9f StaticDependenciesID=841e663740bce64bd56834fb2d97e63a 
Number of updated asset objects reloaded before import = 0
Number of asset objects unloaded after import = 1
========================================================================
Received Import Request.
  Time of request: 2026-08-11T11:15:15.259535Z
  Time since last request: 0.000973542 seconds.
  importAddress: GUID: cf81c85f95fe47e1a27f6ae460cf182c - Path: Assets/TextMesh Pro/Shaders/TMP_Sprite.shader - Importer: ScriptedImporter/UnityEditor.QuickSearchModule:UnityEditor.Search:ASIAI0B
Importing 'GUID: cf81c85f95fe47e1a27f6ae460cf182c - Path: Assets/TextMesh Pro/Shaders/TMP_Sprite.shader - Importer: ScriptedImporter/UnityEditor.QuickSearchModule:UnityEditor.Search:ASIAI0B' with importer (ScriptedImporter : UnityEditor.QuickSearchModule:UnityEditor.Search:ASIAI0B)
Imported 'GUID: cf81c85f95fe47e1a27f6ae460cf182c' -> (Import Result ID: '614cf2922122d3de2730b63d2314962d') in 0.004 seconds [static and dynamic dependencies]. Details - ImportResultOutputID=97e279a604ed46b481b5dbc3c99d58da DependenciesID=e78c09dc35ca28a68cc679293c6e2826 StaticDependenciesID=86ec5bae279a670d399f882fa94bb0da 
Number of updated asset objects reloaded before import = 0
Number of asset objects unloaded after import = 1
========================================================================
Received Import Request.
  Time of request: 2026-08-11T11:15:15.273918Z
  Time since last request: 0.000933625 seconds.
  importAddress: GUID: 1e3b057af24249748ff873be7fafee47 - Path: Assets/TextMesh Pro/Shaders/TMP_Bitmap-Mobile.shader - Importer: ScriptedImporter/UnityEditor.QuickSearchModule:UnityEditor.Search:ASIAI0B
Importing 'GUID: 1e3b057af24249748ff873be7fafee47 - Path: Assets/TextMesh Pro/Shaders/TMP_Bitmap-Mobile.shader - Importer: ScriptedImporter/UnityEditor.QuickSearchModule:UnityEditor.Search:ASIAI0B' with importer (ScriptedImporter : UnityEditor.QuickSearchModule:UnityEditor.Search:ASIAI0B)
Imported 'GUID: 1e3b057af24249748ff873be7fafee47' -> (Import Result ID: 'b093932a77f4eccdb94ce6e16dba6226') in 0.004 seconds [static and dynamic dependencies]. Details - ImportResultOutputID=5501b0baee8c59fc2da6a4b6447d4d78 DependenciesID=c91e467fd2dd38c4de7a43289e51a7d1 StaticDependenciesID=5dc6991abef7e504e7a1c5c157347142 
Number of updated asset objects reloaded before import = 0
Number of asset objects unloaded after import = 1
========================================================================
Received Import Request.
  Time of request: 2026-08-11T11:15:15.289841Z
  Time since last request: 0.000599625 seconds.
  importAddress: GUID: 407bc68d299748449bbf7f48ee690f8d - Path: Assets/TextMesh Pro/Shaders/TMPro.cginc - Importer: ScriptedImporter/UnityEditor.QuickSearchModule:UnityEditor.Search:ASIAI0B
Importing 'GUID: 407bc68d299748449bbf7f48ee690f8d - Path: Assets/TextMesh Pro/Shaders/TMPro.cginc - Importer: ScriptedImporter/UnityEditor.QuickSearchModule:UnityEditor.Search:ASIAI0B' with importer (ScriptedImporter : UnityEditor.QuickSearchModule:UnityEditor.Search:ASIAI0B)
Imported 'GUID: 407bc68d299748449bbf7f48ee690f8d' -> (Import Result ID: '0fa8ac006066c558b279da27a4b04ae0') in 0.002 seconds [static and dynamic dependencies]. Details - ImportResultOutputID=b9fd3cf924fde729b7c43a4d63cf0d5f DependenciesID=35ef008c49d4a0e16d49cd923a7084ed StaticDependenciesID=a96c123391e84ad60e6a52eee325617b 
Number of updated asset objects reloaded before import = 0
Number of asset objects unloaded after import = 1
========================================================================
Received Import Request.
  Time of request: 2026-08-11T11:15:15.304415Z
  Time since last request: 0.000329417 seconds.
  importAddress: GUID: 2f52e8cb070aaf94289b130df84e2882 - Path: Assets/TextMesh Pro/Shaders/TMP_SDF-Mobile SSD SpaceWarp.shader - Importer: ScriptedImporter/UnityEditor.QuickSearchModule:UnityEditor.Search:ASIAI0B
Importing 'GUID: 2f52e8cb070aaf94289b130df84e2882 - Path: Assets/TextMesh Pro/Shaders/TMP_SDF-Mobile SSD SpaceWarp.shader - Importer: ScriptedImporter/UnityEditor.QuickSearchModule:UnityEditor.Search:ASIAI0B' with importer (ScriptedImporter : UnityEditor.QuickSearchModule:UnityEditor.Search:ASIAI0B)
Imported 'GUID: 2f52e8cb070aaf94289b130df84e2882' -> (Import Result ID: '9fb5ec5f96733ce45ba4c4303a163827') in 0.003 seconds [static and dynamic dependencies]. Details - ImportResultOutputID=4036819cb7452644657eb81418aa3309 DependenciesID=aeba42409b871e9d1fad77f5c8b133ab StaticDependenciesID=04036399987e03b34ea0cf2e3e1c6be8 
Number of updated asset objects reloaded before import = 0
Number of asset objects unloaded after import = 1
========================================================================
Received Import Request.
  Time of request: 2026-08-11T11:15:15.317064Z
  Time since last request: 0.000422333 seconds.
  importAddress: GUID: 243e06394e614e5d99fab26083b707fa - Path: Assets/TextMesh Pro/Resources - Importer: ScriptedImporter/UnityEditor.QuickSearchModule:UnityEditor.Search:ASIAI0B
Importing 'GUID: 243e06394e614e5d99fab26083b707fa - Path: Assets/TextMesh Pro/Resources - Importer: ScriptedImporter/UnityEditor.QuickSearchModule:UnityEditor.Search:ASIAI0B' with importer (ScriptedImporter : UnityEditor.QuickSearchModule:UnityEditor.Search:ASIAI0B)
Imported 'GUID: 243e06394e614e5d99fab26083b707fa' -> (Import Result ID: '325421d17245f39dba70b8cb51af8224') in 0.002 seconds [static and dynamic dependencies]. Details - ImportResultOutputID=df903f2fcf72b4344e624cb454292d9d DependenciesID=bd8678ee7d87f145312b044cdb4a1e2a StaticDependenciesID=2a67612f5407b5c5be9ebc8afb1edfab 
Number of updated asset objects reloaded before import = 0
Number of asset objects unloaded after import = 1
========================================================================
Received Import Request.
  Time of request: 2026-08-11T11:15:15.329213Z
  Time since last request: 0.000714792 seconds.
  importAddress: GUID: c334973cef89a9840b0b0c507e0377ab - Path: Assets/TextMesh Pro/Shaders/TMPro_Mobile.cginc - Importer: ScriptedImporter/UnityEditor.QuickSearchModule:UnityEditor.Search:ASIAI0B
Importing 'GUID: c334973cef89a9840b0b0c507e0377ab - Path: Assets/TextMesh Pro/Shaders/TMPro_Mobile.cginc - Importer: ScriptedImporter/UnityEditor.QuickSearchModule:UnityEditor.Search:ASIAI0B' with importer (ScriptedImporter : UnityEditor.QuickSearchModule:UnityEditor.Search:ASIAI0B)
Imported 'GUID: c334973cef89a9840b0b0c507e0377ab' -> (Import Result ID: 'd6bd2bd179dda733f3a43a3a5cd57d8b') in 0.002 seconds [static and dynamic dependencies]. Details - ImportResultOutputID=9ea25a17a9e895eebd577a8cde07978c DependenciesID=7e902307b5b102c994443cf3660d2285 StaticDependenciesID=3ba75a4124c6fb93344de900d11d5ab4 
Number of updated asset objects reloaded before import = 0
Number of asset objects unloaded after import = 1
========================================================================
Received Import Request.
  Time of request: 2026-08-11T11:15:15.343799Z
  Time since last request: 0.000645667 seconds.
  importAddress: GUID: 6e59c59b81ab47f9b6ec5781fa725d2c - Path: Assets/TextMesh Pro/Fonts/LiberationSans - OFL.txt - Importer: ScriptedImporter/UnityEditor.QuickSearchModule:UnityEditor.Search:ASIAI0B
Importing 'GUID: 6e59c59b81ab47f9b6ec5781fa725d2c - Path: Assets/TextMesh Pro/Fonts/LiberationSans - OFL.txt - Importer: ScriptedImporter/UnityEditor.QuickSearchModule:UnityEditor.Search:ASIAI0B' with importer (ScriptedImporter : UnityEditor.QuickSearchModule:UnityEditor.Search:ASIAI0B)
Imported 'GUID: 6e59c59b81ab47f9b6ec5781fa725d2c' -> (Import Result ID: 'dcc45d54fcdabd1cea5a3940f5405059') in 0.002 seconds [static and dynamic dependencies]. Details - ImportResultOutputID=2cf16fa54f35ff48dbd5d9ef125b34d8 DependenciesID=32e3d2d77e88dfb53867cfb929a7d3d0 StaticDependenciesID=0886b1b0a30cb1e7ed6baa05eb5dfe3b 
Number of updated asset objects reloaded before import = 0
Number of asset objects unloaded after import = 1
========================================================================
Received Import Request.
  Time of request: 2026-08-11T11:15:15.355119Z
  Time since last request: 0.00028525 seconds.
  importAddress: GUID: c8d12adcee749c344b8117cf7c7eb912 - Path: Assets/TextMesh Pro/Shaders/TMP_SDF-Mobile SSD.shader - Importer: ScriptedImporter/UnityEditor.QuickSearchModule:UnityEditor.Search:ASIAI0B
Importing 'GUID: c8d12adcee749c344b8117cf7c7eb912 - Path: Assets/TextMesh Pro/Shaders/TMP_SDF-Mobile SSD.shader - Importer: ScriptedImporter/UnityEditor.QuickSearchModule:UnityEditor.Search:ASIAI0B' with importer (ScriptedImporter : UnityEditor.QuickSearchModule:UnityEditor.Search:ASIAI0B)
Imported 'GUID: c8d12adcee749c344b8117cf7c7eb912' -> (Import Result ID: 'a4befcd93a6c05a5d82820411c52acf5') in 0.003 seconds [static and dynamic dependencies]. Details - ImportResultOutputID=6f4fdce9af3f8340f33019cebd6730d8 DependenciesID=acdbfb7c9a2be1a9c4fce17fcb820b25 StaticDependenciesID=af8e851d82d9f013b4b4f4ec692170d5 
Number of updated asset objects reloaded before import = 0
Number of asset objects unloaded after import = 1
========================================================================
Received Import Request.
  Time of request: 2026-08-11T11:15:15.367995Z
  Time since last request: 0.000466833 seconds.
  importAddress: GUID: a0fc465d6cf04254a2938578735e2383 - Path: Assets/TextMesh Pro/Examples & Extras/Sprites/Default Sprites.png - Importer: ScriptedImporter/UnityEditor.QuickSearchModule:UnityEditor.Search:ASIAI0B
Importing 'GUID: a0fc465d6cf04254a2938578735e2383 - Path: Assets/TextMesh Pro/Examples & Extras/Sprites/Default Sprites.png - Importer: ScriptedImporter/UnityEditor.QuickSearchModule:UnityEditor.Search:ASIAI0B' with importer (ScriptedImporter : UnityEditor.QuickSearchModule:UnityEditor.Search:ASIAI0B)
Imported 'GUID: a0fc465d6cf04254a2938578735e2383' -> (Import Result ID: '73e5a2fc95a336d33140dcb97ced2c4f') in 0.006 seconds [static and dynamic dependencies]. Details - ImportResultOutputID=95d283ae676c1465ca7b31c185ab8fce DependenciesID=afc1487cd4597699b26c186878e1e999 StaticDependenciesID=21a85aa1f1cc6014054f453248daf09e 
Number of updated asset objects reloaded before import = 0
Number of asset objects unloaded after import = 1
========================================================================
Received Import Request.
  Time of request: 2026-08-11T11:15:15.385018Z
  Time since last request: 0.001387333 seconds.
  importAddress: GUID: 03f9d74cec8e4b94a29d2dfd177c821b - Path: Assets/TextMesh Pro/Examples & Extras/Scenes/18 - ScrollRect & Masking & Layout.unity - Importer: ScriptedImporter/UnityEditor.QuickSearchModule:UnityEditor.Search:ASIAI0B
Importing 'GUID: 03f9d74cec8e4b94a29d2dfd177c821b - Path: Assets/TextMesh Pro/Examples & Extras/Scenes/18 - ScrollRect & Masking & Layout.unity - Importer: ScriptedImporter/UnityEditor.QuickSearchModule:UnityEditor.Search:ASIAI0B' with importer (ScriptedImporter : UnityEditor.QuickSearchModule:UnityEditor.Search:ASIAI0B)
Imported 'GUID: 03f9d74cec8e4b94a29d2dfd177c821b' -> (Import Result ID: '9ee3d7dafbfd7bc2d38a6d667279d083') in 0.007 seconds [static and dynamic dependencies]. Details - ImportResultOutputID=2ba86d0fc511b2603e9ca102fb10052a DependenciesID=787202a435c1c55567a05a711412d198 StaticDependenciesID=a11772468193639ebd4d5cf0663f0b5f 
Number of updated asset objects reloaded before import = 0
Number of asset objects unloaded after import = 1
========================================================================
Received Import Request.
  Time of request: 2026-08-11T11:15:15.404469Z
  Time since last request: 0.001131084 seconds.
  importAddress: GUID: c3f814e1d12c45568daf3dd9a86a0e61 - Path: Assets/TextMesh Pro/Examples & Extras/Scenes/10 - Bullets & Numbered List Example.unity - Importer: ScriptedImporter/UnityEditor.QuickSearchModule:UnityEditor.Search:ASIAI0B
Importing 'GUID: c3f814e1d12c45568daf3dd9a86a0e61 - Path: Assets/TextMesh Pro/Examples & Extras/Scenes/10 - Bullets & Numbered List Example.unity - Importer: ScriptedImporter/UnityEditor.QuickSearchModule:UnityEditor.Search:ASIAI0B' with importer (ScriptedImporter : UnityEditor.QuickSearchModule:UnityEditor.Search:ASIAI0B)
Imported 'GUID: c3f814e1d12c45568daf3dd9a86a0e61' -> (Import Result ID: '1653f4d57410ea27c618de5300d10e29') in 0.004 seconds [static and dynamic dependencies]. Details - ImportResultOutputID=f19d065973fc442cff098f01526dcf77 DependenciesID=1569b5e6db9164c9a9bae05b89eb9d2b StaticDependenciesID=88ddd323cf42818b8621a4db0a4869f1 
Number of updated asset objects reloaded before import = 0
Number of asset objects unloaded after import = 1
========================================================================
Received Import Request.
  Time of request: 2026-08-11T11:15:15.419162Z
  Time since last request: 0.001221541 seconds.
  importAddress: GUID: e9f693669af91aa45ad615fc681ed29f - Path: Assets/TextMesh Pro/Shaders - Importer: ScriptedImporter/UnityEditor.QuickSearchModule:UnityEditor.Search:ASIAI0B
Importing 'GUID: e9f693669af91aa45ad615fc681ed29f - Path: Assets/TextMesh Pro/Shaders - Importer: ScriptedImporter/UnityEditor.QuickSearchModule:UnityEditor.Search:ASIAI0B' with importer (ScriptedImporter : UnityEditor.QuickSearchModule:UnityEditor.Search:ASIAI0B)
Imported 'GUID: e9f693669af91aa45ad615fc681ed29f' -> (Import Result ID: '478cb0e579a8c8581daf7726cf7a7c61') in 0.002 seconds [static and dynamic dependencies]. Details - ImportResultOutputID=bfa9ef11d9395bd72a82ee02f4bc8df7 DependenciesID=575e1ba48bbf3ac1c5bfea085f15d854 StaticDependenciesID=cb87f776860769bba6e95397ec32a1e4 
Number of updated asset objects reloaded before import = 0
Number of asset objects unloaded after import = 1
========================================================================
Received Import Request.
  Time of request: 2026-08-11T11:15:15.431614Z
  Time since last request: 0.000576041 seconds.
  importAddress: GUID: f952c082cb03451daed3ee968ac6c63e - Path: Assets/TextMesh Pro/Resources/Style Sheets/Default Style Sheet.asset - Importer: ScriptedImporter/UnityEditor.QuickSearchModule:UnityEditor.Search:ASIAI0B
Importing 'GUID: f952c082cb03451daed3ee968ac6c63e - Path: Assets/TextMesh Pro/Resources/Style Sheets/Default Style Sheet.asset - Importer: ScriptedImporter/UnityEditor.QuickSearchModule:UnityEditor.Search:ASIAI0B' with importer (ScriptedImporter : UnityEditor.QuickSearchModule:UnityEditor.Search:ASIAI0B)
Imported 'GUID: f952c082cb03451daed3ee968ac6c63e' -> (Import Result ID: '726178cbc1ed5829e813bc11b85f3d5d') in 0.003 seconds [static and dynamic dependencies]. Details - ImportResultOutputID=bcaa99c79da95092d8ea3009215f0b5b DependenciesID=f22b7ec2208a3562434ad3d610d49dda StaticDependenciesID=9f8cd68f6a739ea5af5a1887b4aa3ba7 
Number of updated asset objects reloaded before import = 0
Number of asset objects unloaded after import = 1
========================================================================
Received Import Request.
  Time of request: 2026-08-11T11:15:15.445241Z
  Time since last request: 0.000660208 seconds.
  importAddress: GUID: fbef3c704dce48f08a44612d6c856c8d - Path: Assets/TextMesh Pro/Examples & Extras/Resources/Sprite Assets/Default Sprite Asset.asset - Importer: ScriptedImporter/UnityEditor.QuickSearchModule:UnityEditor.Search:ASIAI0B
Importing 'GUID: fbef3c704dce48f08a44612d6c856c8d - Path: Assets/TextMesh Pro/Examples & Extras/Resources/Sprite Assets/Default Sprite Asset.asset - Importer: ScriptedImporter/UnityEditor.QuickSearchModule:UnityEditor.Search:ASIAI0B' with importer (ScriptedImporter : UnityEditor.QuickSearchModule:UnityEditor.Search:ASIAI0B)
Imported 'GUID: fbef3c704dce48f08a44612d6c856c8d' -> (Import Result ID: '2b3c499c95ca86e73014736b457e086e') in 0.008 seconds [static and dynamic dependencies]. Details - ImportResultOutputID=55add52a273ad8e29f03d7a67c00b77e DependenciesID=608e5085538ebc31410d4dfd6e8ab0f3 StaticDependenciesID=d8c9c90781879c420ad1f8df0aa22388 
Number of updated asset objects reloaded before import = 0
Number of asset objects unloaded after import = 4
========================================================================
Received Import Request.
  Time of request: 2026-08-11T11:15:15.464511Z
  Time since last request: 0.000427292 seconds.
  importAddress: GUID: f54d1bd14bd3ca042bd867b519fee8cc - Path: Assets/TextMesh Pro - Importer: ScriptedImporter/UnityEditor.QuickSearchModule:UnityEditor.Search:ASIAI0B
Importing 'GUID: f54d1bd14bd3ca042bd867b519fee8cc - Path: Assets/TextMesh Pro - Importer: ScriptedImporter/UnityEditor.QuickSearchModule:UnityEditor.Search:ASIAI0B' with importer (ScriptedImporter : UnityEditor.QuickSearchModule:UnityEditor.Search:ASIAI0B)
Imported 'GUID: f54d1bd14bd3ca042bd867b519fee8cc' -> (Import Result ID: '17991a03d11a0e4e10c947f99cbe8848') in 0.002 seconds [static and dynamic dependencies]. Details - ImportResultOutputID=b1cdb8d9257f1cfb427b735c92143177 DependenciesID=c8faca08af3857eb8eb36d490fff7305 StaticDependenciesID=0efa89751841ea59b3e327c2f2edd3ed 
Number of updated asset objects reloaded before import = 0
Number of asset objects unloaded after import = 1
========================================================================
Received Import Request.
  Time of request: 2026-08-11T11:15:15.478718Z
  Time since last request: 0.00055325 seconds.
  importAddress: GUID: d930090c0cd643c7b55f19a38538c162 - Path: Assets/TextMesh Pro/Shaders/TMPro_Surface.cginc - Importer: ScriptedImporter/UnityEditor.QuickSearchModule:UnityEditor.Search:ASIAI0B
Importing 'GUID: d930090c0cd643c7b55f19a38538c162 - Path: Assets/TextMesh Pro/Shaders/TMPro_Surface.cginc - Importer: ScriptedImporter/UnityEditor.QuickSearchModule:UnityEditor.Search:ASIAI0B' with importer (ScriptedImporter : UnityEditor.QuickSearchModule:UnityEditor.Search:ASIAI0B)
Imported 'GUID: d930090c0cd643c7b55f19a38538c162' -> (Import Result ID: 'b8ac4f0a8138f6a529664621883dd009') in 0.002 seconds [static and dynamic dependencies]. Details - ImportResultOutputID=a33892fb128c9408d5facafed5ea11de DependenciesID=fc3f24aa8bfe33b5bda48c84728bdca4 StaticDependenciesID=e72efc237d2bc855952d8b96831e72d9 
Number of updated asset objects reloaded before import = 0
Number of asset objects unloaded after import = 1
========================================================================
Received Import Request.
  Time of request: 2026-08-11T11:15:15.491015Z
  Time since last request: 0.000248833 seconds.
  importAddress: GUID: d82c1b31c7e74239bff1220585707d2b - Path: Assets/TextMesh Pro/Resources/LineBreaking Leading Characters.txt - Importer: ScriptedImporter/UnityEditor.QuickSearchModule:UnityEditor.Search:ASIAI0B
Importing 'GUID: d82c1b31c7e74239bff1220585707d2b - Path: Assets/TextMesh Pro/Resources/LineBreaking Leading Characters.txt - Importer: ScriptedImporter/UnityEditor.QuickSearchModule:UnityEditor.Search:ASIAI0B' with importer (ScriptedImporter : UnityEditor.QuickSearchModule:UnityEditor.Search:ASIAI0B)
Imported 'GUID: d82c1b31c7e74239bff1220585707d2b' -> (Import Result ID: '67a9866d11360ea7d201df0e75755504') in 0.002 seconds [static and dynamic dependencies]. Details - ImportResultOutputID=93c5ace8bceb9287e2a88005e1ae349e DependenciesID=74187514701bf6c96f86007b421c7777 StaticDependenciesID=0ff13f114539bfdfa6707b1af12c7e73 
Number of updated asset objects reloaded before import = 0
Number of asset objects unloaded after import = 1
========================================================================
Received Import Request.
  Time of request: 2026-08-11T11:15:15.50293Z
  Time since last request: 0.000209084 seconds.
  importAddress: GUID: 8b29aaa3eec7468097ff07adfcf29ac9 - Path: Assets/TextMesh Pro/Examples & Extras/Resources/Fonts & Materials/LiberationSans SDF - Metalic Green.mat - Importer: ScriptedImporter/UnityEditor.QuickSearchModule:UnityEditor.Search:ASIAI0B
Importing 'GUID: 8b29aaa3eec7468097ff07adfcf29ac9 - Path: Assets/TextMesh Pro/Examples & Extras/Resources/Fonts & Materials/LiberationSans SDF - Metalic Green.mat - Importer: ScriptedImporter/UnityEditor.QuickSearchModule:UnityEditor.Search:ASIAI0B' with importer (ScriptedImporter : UnityEditor.QuickSearchModule:UnityEditor.Search:ASIAI0B)
Imported 'GUID: 8b29aaa3eec7468097ff07adfcf29ac9' -> (Import Result ID: 'e7aaeb68e44fdd5e04027ec185412cf6') in 0.016 seconds [static and dynamic dependencies]. Details - ImportResultOutputID=1c5218b338bd85e19072aa681ec6a190 DependenciesID=c32c478277dd60df074346970124f713 StaticDependenciesID=290fc7019b7102ac56302955a80e0219 
Number of updated asset objects reloaded before import = 0
Number of asset objects unloaded after import = 6
========================================================================
Received Import Request.
  Time of request: 2026-08-11T11:15:15.528521Z
  Time since last request: 0.000060792 seconds.
  importAddress: GUID: 14eb328de4b8eb245bb7cea29e4ac00b - Path: Assets/TextMesh Pro/Shaders/TMP_SDF SSD.shader - Importer: ScriptedImporter/UnityEditor.QuickSearchModule:UnityEditor.Search:ASIAI0B
Importing 'GUID: 14eb328de4b8eb245bb7cea29e4ac00b - Path: Assets/TextMesh Pro/Shaders/TMP_SDF SSD.shader - Importer: ScriptedImporter/UnityEditor.QuickSearchModule:UnityEditor.Search:ASIAI0B' with importer (ScriptedImporter : UnityEditor.QuickSearchModule:UnityEditor.Search:ASIAI0B)
Imported 'GUID: 14eb328de4b8eb245bb7cea29e4ac00b' -> (Import Result ID: '247e485268afa6113c4f17022f016587') in 0.003 seconds [static and dynamic dependencies]. Details - ImportResultOutputID=7f1c4362cd25520b0cbeff50c2d55751 DependenciesID=063d0681588ea50765c7c29f6add68f9 StaticDependenciesID=9f5355389ed0bff324f58c6432e91f37 
Number of updated asset objects reloaded before import = 0
Number of asset objects unloaded after import = 2
========================================================================
Received Import Request.
  Time of request: 2026-08-11T11:15:15.541861Z
  Time since last request: 0.000383 seconds.
  importAddress: GUID: 128e987d567d4e2c824d754223b3f3b0 - Path: Assets/TextMesh Pro/Shaders/TMP_Bitmap.shader - Importer: ScriptedImporter/UnityEditor.QuickSearchModule:UnityEditor.Search:ASIAI0B
Importing 'GUID: 128e987d567d4e2c824d754223b3f3b0 - Path: Assets/TextMesh Pro/Shaders/TMP_Bitmap.shader - Importer: ScriptedImporter/UnityEditor.QuickSearchModule:UnityEditor.Search:ASIAI0B' with importer (ScriptedImporter : UnityEditor.QuickSearchModule:UnityEditor.Search:ASIAI0B)
Imported 'GUID: 128e987d567d4e2c824d754223b3f3b0' -> (Import Result ID: '4ca1fa31c547c6eecb3dc1469441f422') in 0.003 seconds [static and dynamic dependencies]. Details - ImportResultOutputID=bb2b480123f4fed65587e0b9ca9fcefe DependenciesID=1afb04e7132c81691e8a7ba68240467f StaticDependenciesID=29111c870169550b62bea7c5430b94a1 
Number of updated asset objects reloaded before import = 0
Number of asset objects unloaded after import = 1
========================================================================
Received Import Request.
  Time of request: 2026-08-11T11:15:15.586458Z
  Time since last request: 0.032780041 seconds.
  importAddress: GUID: f7cfa58e417a46ea8889989684c2522e - Path: Assets/TextMesh Pro/Examples & Extras/Scripts/VertexShakeA.cs - Importer: ScriptedImporter/UnityEditor.QuickSearchModule:UnityEditor.Search:ASIAI0B
Importing 'GUID: f7cfa58e417a46ea8889989684c2522e - Path: Assets/TextMesh Pro/Examples & Extras/Scripts/VertexShakeA.cs - Importer: ScriptedImporter/UnityEditor.QuickSearchModule:UnityEditor.Search:ASIAI0B' with importer (ScriptedImporter : UnityEditor.QuickSearchModule:UnityEditor.Search:ASIAI0B)
Imported 'GUID: f7cfa58e417a46ea8889989684c2522e' -> (Import Result ID: 'b1ef6dc02609e2d2b063bb2c85cf00b3') in 0.002 seconds [static and dynamic dependencies]. Details - ImportResultOutputID=c2fb3ebe0d13a17abeafff5938a4d183 DependenciesID=9a9c13c0724b0aa73a61ff8881d9b050 StaticDependenciesID=adc1bbc51858ca81df59c057b967a232 
Number of updated asset objects reloaded before import = 0
Number of asset objects unloaded after import = 0
========================================================================
Received Import Request.
  Time of request: 2026-08-11T11:15:15.598769Z
  Time since last request: 0.000301333 seconds.
  importAddress: GUID: 8878a782f4334ecbbcf683b3ac780966 - Path: Assets/TextMesh Pro/Examples & Extras/Textures/Small Crate_normal.jpg - Importer: ScriptedImporter/UnityEditor.QuickSearchModule:UnityEditor.Search:ASIAI0B
Importing 'GUID: 8878a782f4334ecbbcf683b3ac780966 - Path: Assets/TextMesh Pro/Examples & Extras/Textures/Small Crate_normal.jpg - Importer: ScriptedImporter/UnityEditor.QuickSearchModule:UnityEditor.Search:ASIAI0B' with importer (ScriptedImporter : UnityEditor.QuickSearchModule:UnityEditor.Search:ASIAI0B)
Imported 'GUID: 8878a782f4334ecbbcf683b3ac780966' -> (Import Result ID: 'cc88353dcea37c3bde363cd26a726401') in 0.005 seconds [static and dynamic dependencies]. Details - ImportResultOutputID=7f3506855e3581e73e4e547108c36b99 DependenciesID=8d7edbe46de23fab3aef889fac323778 StaticDependenciesID=e3673a0d212f792bf97acee56dc5dd22 
Number of updated asset objects reloaded before import = 0
Number of asset objects unloaded after import = 1
========================================================================
Received Import Request.
  Time of request: 2026-08-11T11:15:15.614625Z
  Time since last request: 0.00104025 seconds.
  importAddress: GUID: 9ad269c99dcf42b7aedefd83dd5a7b9d - Path: Assets/TextMesh Pro/Examples & Extras/Resources/Fonts & Materials/LiberationSans SDF - Overlay.mat - Importer: ScriptedImporter/UnityEditor.QuickSearchModule:UnityEditor.Search:ASIAI0B
Importing 'GUID: 9ad269c99dcf42b7aedefd83dd5a7b9d - Path: Assets/TextMesh Pro/Examples & Extras/Resources/Fonts & Materials/LiberationSans SDF - Overlay.mat - Importer: ScriptedImporter/UnityEditor.QuickSearchModule:UnityEditor.Search:ASIAI0B' with importer (ScriptedImporter : UnityEditor.QuickSearchModule:UnityEditor.Search:ASIAI0B)
Imported 'GUID: 9ad269c99dcf42b7aedefd83dd5a7b9d' -> (Import Result ID: 'a7f1216b11e7c2f2a2283e40a5092611') in 0.012 seconds [static and dynamic dependencies]. Details - ImportResultOutputID=997f629dd1190d913b35f444f338974f DependenciesID=cfc5b4973a841c2299fb68ffcbfc2c9a StaticDependenciesID=36cda09dd8682747392028d393f0a31a 
Number of updated asset objects reloaded before import = 0
Number of asset objects unloaded after import = 3
========================================================================
Received Import Request.
  Time of request: 2026-08-11T11:15:15.636963Z
  Time since last request: 0.000330458 seconds.
  importAddress: GUID: fdad9d952ae84cafb74c63f2e694d042 - Path: Assets/TextMesh Pro/Examples & Extras/Prefabs/TextMeshPro - Prefab 2.prefab - Importer: ScriptedImporter/UnityEditor.QuickSearchModule:UnityEditor.Search:ASIAI0B
Importing 'GUID: fdad9d952ae84cafb74c63f2e694d042 - Path: Assets/TextMesh Pro/Examples & Extras/Prefabs/TextMeshPro - Prefab 2.prefab - Importer: ScriptedImporter/UnityEditor.QuickSearchModule:UnityEditor.Search:ASIAI0B' with importer (ScriptedImporter : UnityEditor.QuickSearchModule:UnityEditor.Search:ASIAI0B)
Imported 'GUID: fdad9d952ae84cafb74c63f2e694d042' -> (Import Result ID: 'd4cd0de4e1a02ea9b9d0fc9007a4f1bf') in 0.075 seconds [static and dynamic dependencies]. Details - ImportResultOutputID=a63faa5e3a386776d776cef45e9364fd DependenciesID=b6f6f70a3f5c3c31c8c4437142892176 StaticDependenciesID=d5e4b75c1144c6485543743310803c1f 
Number of updated asset objects reloaded before import = 0
Number of asset objects unloaded after import = 17
========================================================================
Received Import Request.
  Time of request: 2026-08-11T11:15:15.722564Z
  Time since last request: 0.000527833 seconds.
  importAddress: GUID: b246c4190f4e46ec9352fe15a7b09ce0 - Path: Assets/TextMesh Pro/Examples & Extras/Resources/Fonts & Materials/Roboto-Bold SDF - Drop Shadow.mat - Importer: ScriptedImporter/UnityEditor.QuickSearchModule:UnityEditor.Search:ASIAI0B
Importing 'GUID: b246c4190f4e46ec9352fe15a7b09ce0 - Path: Assets/TextMesh Pro/Examples & Extras/Resources/Fonts & Materials/Roboto-Bold SDF - Drop Shadow.mat - Importer: ScriptedImporter/UnityEditor.QuickSearchModule:UnityEditor.Search:ASIAI0B' with importer (ScriptedImporter : UnityEditor.QuickSearchModule:UnityEditor.Search:ASIAI0B)
Imported 'GUID: b246c4190f4e46ec9352fe15a7b09ce0' -> (Import Result ID: '97c9cc77bf8abe4b89c473a8345b5ff7') in 0.003 seconds [static and dynamic dependencies]. Details - ImportResultOutputID=e6306c4a63799fef3798205009abade2 DependenciesID=c85ace78deb72626543fe174aeffc87c StaticDependenciesID=317ee43c724f1b437e3d7dbea3baa64f 
Number of updated asset objects reloaded before import = 0
Number of asset objects unloaded after import = 3
========================================================================
Received Import Request.
  Time of request: 2026-08-11T11:15:15.736602Z
  Time since last request: 0.000613792 seconds.
  importAddress: GUID: 3e2e4d7b0bed4cf9ab827e9f32448f69 - Path: Assets/TextMesh Pro/Examples & Extras/Scenes/17 - Old Computer Terminal.unity - Importer: ScriptedImporter/UnityEditor.QuickSearchModule:UnityEditor.Search:ASIAI0B
Importing 'GUID: 3e2e4d7b0bed4cf9ab827e9f32448f69 - Path: Assets/TextMesh Pro/Examples & Extras/Scenes/17 - Old Computer Terminal.unity - Importer: ScriptedImporter/UnityEditor.QuickSearchModule:UnityEditor.Search:ASIAI0B' with importer (ScriptedImporter : UnityEditor.QuickSearchModule:UnityEditor.Search:ASIAI0B)
Imported 'GUID: 3e2e4d7b0bed4cf9ab827e9f32448f69' -> (Import Result ID: 'a22e298bda3828c3fc0da31b8db85f76') in 0.002 seconds [static and dynamic dependencies]. Details - ImportResultOutputID=d38acc80b7bf49b91d1165611770a0c1 DependenciesID=e50119a1976984fe38f0ed0ae9050eee StaticDependenciesID=f3f109360fb0f9ec3e3a5a233d64ffd3 
Number of updated asset objects reloaded before import = 0
Number of asset objects unloaded after import = 1
========================================================================
Received Import Request.
  Time of request: 2026-08-11T11:15:15.750486Z
  Time since last request: 0.000498042 seconds.
  importAddress: GUID: dc20866c0d5e413ab7559440e15333ae - Path: Assets/TextMesh Pro/Examples & Extras/Scripts/Benchmark04.cs - Importer: ScriptedImporter/UnityEditor.QuickSearchModule:UnityEditor.Search:ASIAI0B
Importing 'GUID: dc20866c0d5e413ab7559440e15333ae - Path: Assets/TextMesh Pro/Examples & Extras/Scripts/Benchmark04.cs - Importer: ScriptedImporter/UnityEditor.QuickSearchModule:UnityEditor.Search:ASIAI0B' with importer (ScriptedImporter : UnityEditor.QuickSearchModule:UnityEditor.Search:ASIAI0B)
Imported 'GUID: dc20866c0d5e413ab7559440e15333ae' -> (Import Result ID: '3b230973c1646b195ad74a0554f2402f') in 0.002 seconds [static and dynamic dependencies]. Details - ImportResultOutputID=f538ba1cf5cc2cb7ba1b23fe182ca9b1 DependenciesID=b24e2d086388765de44a585ce99d5685 StaticDependenciesID=14dffda9dfeb95d2755fd1e219ffa5eb 
Number of updated asset objects reloaded before import = 0
Number of asset objects unloaded after import = 0
========================================================================
Received Import Request.
  Time of request: 2026-08-11T11:15:15.762237Z
  Time since last request: 0.000374709 seconds.
  importAddress: GUID: a00013af81304728b2be1f4309ee2433 - Path: Assets/TextMesh Pro/Examples & Extras/Resources/Fonts & Materials/Anton SDF - Outline.mat - Importer: ScriptedImporter/UnityEditor.QuickSearchModule:UnityEditor.Search:ASIAI0B
Importing 'GUID: a00013af81304728b2be1f4309ee2433 - Path: Assets/TextMesh Pro/Examples & Extras/Resources/Fonts & Materials/Anton SDF - Outline.mat - Importer: ScriptedImporter/UnityEditor.QuickSearchModule:UnityEditor.Search:ASIAI0B' with importer (ScriptedImporter : UnityEditor.QuickSearchModule:UnityEditor.Search:ASIAI0B)
Imported 'GUID: a00013af81304728b2be1f4309ee2433' -> (Import Result ID: '69b0df34d52b406d9e402399eef1734e') in 0.004 seconds [static and dynamic dependencies]. Details - ImportResultOutputID=4d9860e3954fdf1e262c1758704fdd72 DependenciesID=f24c9ffda3ec4bf1965d5c1d018c6ab6 StaticDependenciesID=7e21ac1dbe517a031417ea7f5de1eccb 
Number of updated asset objects reloaded before import = 0
Number of asset objects unloaded after import = 3
========================================================================
Received Import Request.
  Time of request: 2026-08-11T11:15:15.776793Z
  Time since last request: 0.000551667 seconds.
  importAddress: GUID: efe0bf4ac872451e91612d1ae593f480 - Path: Assets/TextMesh Pro/Examples & Extras/Fonts/Bangers - OFL.txt - Importer: ScriptedImporter/UnityEditor.QuickSearchModule:UnityEditor.Search:ASIAI0B
Importing 'GUID: efe0bf4ac872451e91612d1ae593f480 - Path: Assets/TextMesh Pro/Examples & Extras/Fonts/Bangers - OFL.txt - Importer: ScriptedImporter/UnityEditor.QuickSearchModule:UnityEditor.Search:ASIAI0B' with importer (ScriptedImporter : UnityEditor.QuickSearchModule:UnityEditor.Search:ASIAI0B)
Imported 'GUID: efe0bf4ac872451e91612d1ae593f480' -> (Import Result ID: '8134322a664b77e44cd7d628ede77d21') in 0.003 seconds [static and dynamic dependencies]. Details - ImportResultOutputID=8badbe61b7fff9a9a862ef3e2e49f376 DependenciesID=4fa38a17dda4b98167051953368a8706 StaticDependenciesID=f4ba205d38d61e633946449e77d33a22 
Number of updated asset objects reloaded before import = 0
Number of asset objects unloaded after import = 1
========================================================================
Received Import Request.
  Time of request: 2026-08-11T11:15:15.79132Z
  Time since last request: 0.000954917 seconds.
  importAddress: GUID: 686ec78b56aa445795335fbadafcfaa4 - Path: Assets/TextMesh Pro/Examples & Extras/Scripts/TMP_FrameRateCounter.cs - Importer: ScriptedImporter/UnityEditor.QuickSearchModule:UnityEditor.Search:ASIAI0B
Importing 'GUID: 686ec78b56aa445795335fbadafcfaa4 - Path: Assets/TextMesh Pro/Examples & Extras/Scripts/TMP_FrameRateCounter.cs - Importer: ScriptedImporter/UnityEditor.QuickSearchModule:UnityEditor.Search:ASIAI0B' with importer (ScriptedImporter : UnityEditor.QuickSearchModule:UnityEditor.Search:ASIAI0B)
Imported 'GUID: 686ec78b56aa445795335fbadafcfaa4' -> (Import Result ID: '7b3ac44b9fa80ee6ed43eb7eb6d107e7') in 0.002 seconds [static and dynamic dependencies]. Details - ImportResultOutputID=a6055fbffc2cebd3d82597f0bf924efe DependenciesID=3d6c68f832d5897b72e55f285f32e056 StaticDependenciesID=c0ab39759b43648d29a33bcddcbcd192 
Number of updated asset objects reloaded before import = 0
Number of asset objects unloaded after import = 0
========================================================================
Received Import Request.
  Time of request: 2026-08-11T11:15:15.804278Z
  Time since last request: 0.0006125 seconds.
  importAddress: GUID: 50f52f9274434ecfb34dd87f0836f323 - Path: Assets/TextMesh Pro/Examples & Extras/Scenes/21 - Script Example.unity - Importer: ScriptedImporter/UnityEditor.QuickSearchModule:UnityEditor.Search:ASIAI0B
Importing 'GUID: 50f52f9274434ecfb34dd87f0836f323 - Path: Assets/TextMesh Pro/Examples & Extras/Scenes/21 - Script Example.unity - Importer: ScriptedImporter/UnityEditor.QuickSearchModule:UnityEditor.Search:ASIAI0B' with importer (ScriptedImporter : UnityEditor.QuickSearchModule:UnityEditor.Search:ASIAI0B)
Imported 'GUID: 50f52f9274434ecfb34dd87f0836f323' -> (Import Result ID: 'bdcc0ede7c24455557fe699cee4263f2') in 0.002 seconds [static and dynamic dependencies]. Details - ImportResultOutputID=3903e1a253afce25986d4011e024b555 DependenciesID=a49a235391323cdf21293b9fef837421 StaticDependenciesID=e07275b8a9c259c86b457e14a133fe37 
Number of updated asset objects reloaded before import = 0
Number of asset objects unloaded after import = 1
========================================================================
Received Import Request.
  Time of request: 2026-08-11T11:15:15.816419Z
  Time since last request: 0.000514792 seconds.
  importAddress: GUID: 6250f98e58fe4abbaada5d84b7ca846d - Path: Assets/TextMesh Pro/Examples & Extras/Scenes/22 - Basic Scripting Example.unity - Importer: ScriptedImporter/UnityEditor.QuickSearchModule:UnityEditor.Search:ASIAI0B
Importing 'GUID: 6250f98e58fe4abbaada5d84b7ca846d - Path: Assets/TextMesh Pro/Examples & Extras/Scenes/22 - Basic Scripting Example.unity - Importer: ScriptedImporter/UnityEditor.QuickSearchModule:UnityEditor.Search:ASIAI0B' with importer (ScriptedImporter : UnityEditor.QuickSearchModule:UnityEditor.Search:ASIAI0B)
Imported 'GUID: 6250f98e58fe4abbaada5d84b7ca846d' -> (Import Result ID: '4e76fb0cd1aed260e882b56f2f2cb6df') in 0.002 seconds [static and dynamic dependencies]. Details - ImportResultOutputID=9638994ade5b4c997d76a3d49920b5bf DependenciesID=4e7feb7e9b8c5e332794656e83210bb1 StaticDependenciesID=b17ad53add41487ce451c51f25980be0 
Number of updated asset objects reloaded before import = 0
Number of asset objects unloaded after import = 1
========================================================================
Received Import Request.
  Time of request: 2026-08-11T11:15:15.828785Z
  Time since last request: 0.000697458 seconds.
  importAddress: GUID: 24b0dc2d1d494adbbec1f4db26b4cf83 - Path: Assets/TextMesh Pro/Examples & Extras/Scripts/TMP_UiFrameRateCounter.cs - Importer: ScriptedImporter/UnityEditor.QuickSearchModule:UnityEditor.Search:ASIAI0B
Importing 'GUID: 24b0dc2d1d494adbbec1f4db26b4cf83 - Path: Assets/TextMesh Pro/Examples & Extras/Scripts/TMP_UiFrameRateCounter.cs - Importer: ScriptedImporter/UnityEditor.QuickSearchModule:UnityEditor.Search:ASIAI0B' with importer (ScriptedImporter : UnityEditor.QuickSearchModule:UnityEditor.Search:ASIAI0B)
Imported 'GUID: 24b0dc2d1d494adbbec1f4db26b4cf83' -> (Import Result ID: '68af2aeb0a1fa682e14f813d40e115e2') in 0.002 seconds [static and dynamic dependencies]. Details - ImportResultOutputID=2a3db403bfcbecc5ba050729f5cc3d92 DependenciesID=1aeff83990154657c156fecf514b1479 StaticDependenciesID=2a2d0b37df07e8cbf5a2c1ae24395183 
Number of updated asset objects reloaded before import = 0
Number of asset objects unloaded after import = 0
========================================================================
Received Import Request.
  Time of request: 2026-08-11T11:15:15.840819Z
  Time since last request: 0.00085425 seconds.
  importAddress: GUID: 9abcd5bd764646568a6ea70d00f9264c - Path: Assets/TextMesh Pro/Examples & Extras/Scenes/19 - Masking Texture & Soft Mask.unity - Importer: ScriptedImporter/UnityEditor.QuickSearchModule:UnityEditor.Search:ASIAI0B
Importing 'GUID: 9abcd5bd764646568a6ea70d00f9264c - Path: Assets/TextMesh Pro/Examples & Extras/Scenes/19 - Masking Texture & Soft Mask.unity - Importer: ScriptedImporter/UnityEditor.QuickSearchModule:UnityEditor.Search:ASIAI0B' with importer (ScriptedImporter : UnityEditor.QuickSearchModule:UnityEditor.Search:ASIAI0B)
Imported 'GUID: 9abcd5bd764646568a6ea70d00f9264c' -> (Import Result ID: '34d23aba24aba12b62e31519a5f61fd5') in 0.003 seconds [static and dynamic dependencies]. Details - ImportResultOutputID=d3160d2c1d12d512c8c64905bf815225 DependenciesID=6c5705199556a58616c23751e286e8f2 StaticDependenciesID=dc56d8f33778004ac0cba4fe79fd1ff4 
Number of updated asset objects reloaded before import = 0
Number of asset objects unloaded after import = 1
========================================================================
Received Import Request.
  Time of request: 2026-08-11T11:15:15.853077Z
  Time since last request: 0.000395375 seconds.
  importAddress: GUID: f0303f887b8fa7243a51432c478ff2f3 - Path: Assets/TextMesh Pro/Examples & Extras/Fonts/Roboto-Bold - License.txt - Importer: ScriptedImporter/UnityEditor.QuickSearchModule:UnityEditor.Search:ASIAI0B
Importing 'GUID: f0303f887b8fa7243a51432c478ff2f3 - Path: Assets/TextMesh Pro/Examples & Extras/Fonts/Roboto-Bold - License.txt - Importer: ScriptedImporter/UnityEditor.QuickSearchModule:UnityEditor.Search:ASIAI0B' with importer (ScriptedImporter : UnityEditor.QuickSearchModule:UnityEditor.Search:ASIAI0B)
Imported 'GUID: f0303f887b8fa7243a51432c478ff2f3' -> (Import Result ID: '166521813959c8a3e2cad8556771d50b') in 0.003 seconds [static and dynamic dependencies]. Details - ImportResultOutputID=c99c677e6cf759e8085e5b900787c2c4 DependenciesID=b2d36e434555fa4ee1198ea3779cc874 StaticDependenciesID=385017a1dd7b156b944a6ca88acbb097 
Number of updated asset objects reloaded before import = 0
Number of asset objects unloaded after import = 1
========================================================================
Received Import Request.
  Time of request: 2026-08-11T11:15:15.865907Z
  Time since last request: 0.000373791 seconds.
  importAddress: GUID: e6b276ec991f467aa14ef1f3cc665993 - Path: Assets/TextMesh Pro/Examples & Extras/Resources/Fonts & Materials/Roboto-Bold SDF - Surface.mat - Importer: ScriptedImporter/UnityEditor.QuickSearchModule:UnityEditor.Search:ASIAI0B
Importing 'GUID: e6b276ec991f467aa14ef1f3cc665993 - Path: Assets/TextMesh Pro/Examples & Extras/Resources/Fonts & Materials/Roboto-Bold SDF - Surface.mat - Importer: ScriptedImporter/UnityEditor.QuickSearchModule:UnityEditor.Search:ASIAI0B' with importer (ScriptedImporter : UnityEditor.QuickSearchModule:UnityEditor.Search:ASIAI0B)
Imported 'GUID: e6b276ec991f467aa14ef1f3cc665993' -> (Import Result ID: '3da9b48b4f7b09ecf2c059f7bd34272b') in 0.091 seconds [static and dynamic dependencies]. Details - ImportResultOutputID=37aada81b9c88e5b1fb28a5ea5e84293 DependenciesID=c6ec95cb910a9dfa728a75448e9112d6 StaticDependenciesID=424cf49b3aed1a5f8154c6554a68cc2b 
Number of updated asset objects reloaded before import = 0
Number of asset objects unloaded after import = 3
========================================================================
Received Import Request.
  Time of request: 2026-08-11T11:15:15.969132Z
  Time since last request: 0.000589666 seconds.
  importAddress: GUID: 85ac55597b97403c82fc6601a93cf241 - Path: Assets/TextMesh Pro/Examples & Extras/Textures/Floor Tiles 1 - diffuse.jpg - Importer: ScriptedImporter/UnityEditor.QuickSearchModule:UnityEditor.Search:ASIAI0B
Importing 'GUID: 85ac55597b97403c82fc6601a93cf241 - Path: Assets/TextMesh Pro/Examples & Extras/Textures/Floor Tiles 1 - diffuse.jpg - Importer: ScriptedImporter/UnityEditor.QuickSearchModule:UnityEditor.Search:ASIAI0B' with importer (ScriptedImporter : UnityEditor.QuickSearchModule:UnityEditor.Search:ASIAI0B)
Imported 'GUID: 85ac55597b97403c82fc6601a93cf241' -> (Import Result ID: '64f2a46e2dd1f58ef5b70c4b33b19340') in 0.004 seconds [static and dynamic dependencies]. Details - ImportResultOutputID=967cbbea1c8b346c122e9cf4d0ba25a7 DependenciesID=d1bd71719c2753a302433d14866d8008 StaticDependenciesID=cb0ccbf3832b1751fba26a1064916b84 
Number of updated asset objects reloaded before import = 0
Number of asset objects unloaded after import = 1
========================================================================
Received Import Request.
  Time of request: 2026-08-11T11:15:15.983901Z
  Time since last request: 0.000684625 seconds.
  importAddress: GUID: c9adb1f542a93ae489bacfeae21e8394 - Path: Assets/TextMesh Pro/Examples & Extras/Resources/Fonts & Materials/Unity SDF.asset - Importer: ScriptedImporter/UnityEditor.QuickSearchModule:UnityEditor.Search:ASIAI0B
Importing 'GUID: c9adb1f542a93ae489bacfeae21e8394 - Path: Assets/TextMesh Pro/Examples & Extras/Resources/Fonts & Materials/Unity SDF.asset - Importer: ScriptedImporter/UnityEditor.QuickSearchModule:UnityEditor.Search:ASIAI0B' with importer (ScriptedImporter : UnityEditor.QuickSearchModule:UnityEditor.Search:ASIAI0B)
Imported 'GUID: c9adb1f542a93ae489bacfeae21e8394' -> (Import Result ID: '12a57bcdd7495e7335274beb5245f04c') in 0.031 seconds [static and dynamic dependencies]. Details - ImportResultOutputID=899f7d33b268079c16cc498d67ef485b DependenciesID=3e4dce805ae2aac625a83be9b14914ca StaticDependenciesID=ca2953a009b74e799abecf0fa72f5b62 
Number of updated asset objects reloaded before import = 0
Number of asset objects unloaded after import = 4
========================================================================
Received Import Request.
  Time of request: 2026-08-11T11:15:16.024816Z
  Time since last request: 0.00039 seconds.
  importAddress: GUID: 53d91f98a2664f5cb9af11de72ac54ec - Path: Assets/TextMesh Pro/Examples & Extras/Scripts/ChatController.cs - Importer: ScriptedImporter/UnityEditor.QuickSearchModule:UnityEditor.Search:ASIAI0B
Importing 'GUID: 53d91f98a2664f5cb9af11de72ac54ec - Path: Assets/TextMesh Pro/Examples & Extras/Scripts/ChatController.cs - Importer: ScriptedImporter/UnityEditor.QuickSearchModule:UnityEditor.Search:ASIAI0B' with importer (ScriptedImporter : UnityEditor.QuickSearchModule:UnityEditor.Search:ASIAI0B)
Imported 'GUID: 53d91f98a2664f5cb9af11de72ac54ec' -> (Import Result ID: 'bd0c7c687ce76c307cc933ff12f1d39d') in 0.001 seconds [static and dynamic dependencies]. Details - ImportResultOutputID=83c305313f41d9a879117fa55cbe7630 DependenciesID=0726b389cca77deecc641035d2f100ba StaticDependenciesID=07429efa77ac7b7a5a4c902af9813fb8 
Number of updated asset objects reloaded before import = 0
Number of asset objects unloaded after import = 0
========================================================================
Received Import Request.
  Time of request: 2026-08-11T11:15:16.036435Z
  Time since last request: 0.000337125 seconds.
  importAddress: GUID: 701e577af2ba48b689972d42efb95456 - Path: Assets/TextMesh Pro/Examples & Extras/Sprites - Importer: ScriptedImporter/UnityEditor.QuickSearchModule:UnityEditor.Search:ASIAI0B
Importing 'GUID: 701e577af2ba48b689972d42efb95456 - Path: Assets/TextMesh Pro/Examples & Extras/Sprites - Importer: ScriptedImporter/UnityEditor.QuickSearchModule:UnityEditor.Search:ASIAI0B' with importer (ScriptedImporter : UnityEditor.QuickSearchModule:UnityEditor.Search:ASIAI0B)
Imported 'GUID: 701e577af2ba48b689972d42efb95456' -> (Import Result ID: '40a7bce6e8d44fad0d3207695e2c2b97') in 0.002 seconds [static and dynamic dependencies]. Details - ImportResultOutputID=7db2f135d37cd667f91bdc75e01c77af DependenciesID=85a3698a4e16a7610c69c277da7d004e StaticDependenciesID=c17410a3f17c8633e3283c0226f651e1 
Number of updated asset objects reloaded before import = 0
Number of asset objects unloaded after import = 1
========================================================================
Received Import Request.
  Time of request: 2026-08-11T11:15:16.049107Z
  Time since last request: 0.001175083 seconds.
  importAddress: GUID: 03ec435d4b7140e9b2d87f79136d8374 - Path: Assets/TextMesh Pro/Examples & Extras/Scenes/07 - Superscript & Subscript Example.unity - Importer: ScriptedImporter/UnityEditor.QuickSearchModule:UnityEditor.Search:ASIAI0B
Importing 'GUID: 03ec435d4b7140e9b2d87f79136d8374 - Path: Assets/TextMesh Pro/Examples & Extras/Scenes/07 - Superscript & Subscript Example.unity - Importer: ScriptedImporter/UnityEditor.QuickSearchModule:UnityEditor.Search:ASIAI0B' with importer (ScriptedImporter : UnityEditor.QuickSearchModule:UnityEditor.Search:ASIAI0B)
Imported 'GUID: 03ec435d4b7140e9b2d87f79136d8374' -> (Import Result ID: '4293e39b5f78a324a0c4c36264aa9e07') in 0.002 seconds [static and dynamic dependencies]. Details - ImportResultOutputID=42014016fc07014014597f5d2c3a38e7 DependenciesID=5990803493669e2d3abda8f448e13d49 StaticDependenciesID=0e74ae7350fd2177b45eb0cc4d8f1a46 
Number of updated asset objects reloaded before import = 0
Number of asset objects unloaded after import = 1
========================================================================
Received Import Request.
  Time of request: 2026-08-11T11:15:16.061776Z
  Time since last request: 0.000231084 seconds.
  importAddress: GUID: 5302535af1044152a457ed104f1f4b91 - Path: Assets/TextMesh Pro/Examples & Extras/Resources/Fonts & Materials/Roboto-Bold SDF.asset - Importer: ScriptedImporter/UnityEditor.QuickSearchModule:UnityEditor.Search:ASIAI0B
Importing 'GUID: 5302535af1044152a457ed104f1f4b91 - Path: Assets/TextMesh Pro/Examples & Extras/Resources/Fonts & Materials/Roboto-Bold SDF.asset - Importer: ScriptedImporter/UnityEditor.QuickSearchModule:UnityEditor.Search:ASIAI0B' with importer (ScriptedImporter : UnityEditor.QuickSearchModule:UnityEditor.Search:ASIAI0B)
Imported 'GUID: 5302535af1044152a457ed104f1f4b91' -> (Import Result ID: 'de900ee86fb10929d64f6a5d2a23c908') in 0.010 seconds [static and dynamic dependencies]. Details - ImportResultOutputID=261ac414feede1d4c40706e371a5391e DependenciesID=14273e44a5f3b993a217399c3247ce95 StaticDependenciesID=ca5538e3243fd61003b55b8174b4bbf0 
Number of updated asset objects reloaded before import = 0
Number of asset objects unloaded after import = 6
========================================================================
Received Import Request.
  Time of request: 2026-08-11T11:15:16.081809Z
  Time since last request: 0.000406917 seconds.
  importAddress: GUID: 103e0a6a1d404693b9fb1a5173e0e979 - Path: Assets/TextMesh Pro/Examples & Extras/Scripts/TMP_TextSelector_A.cs - Importer: ScriptedImporter/UnityEditor.QuickSearchModule:UnityEditor.Search:ASIAI0B
Importing 'GUID: 103e0a6a1d404693b9fb1a5173e0e979 - Path: Assets/TextMesh Pro/Examples & Extras/Scripts/TMP_TextSelector_A.cs - Importer: ScriptedImporter/UnityEditor.QuickSearchModule:UnityEditor.Search:ASIAI0B' with importer (ScriptedImporter : UnityEditor.QuickSearchModule:UnityEditor.Search:ASIAI0B)
Imported 'GUID: 103e0a6a1d404693b9fb1a5173e0e979' -> (Import Result ID: '1547a7a339c44846d961601b4fca4ab4') in 0.002 seconds [static and dynamic dependencies]. Details - ImportResultOutputID=2cfc587b861cc8d5a55a1879196e74a6 DependenciesID=e8b4cc3b40e2ffd38ad490f8e2a8e7e2 StaticDependenciesID=be6b76989d1700f957184c83f68b6fa3 
Number of updated asset objects reloaded before import = 0
Number of asset objects unloaded after import = 0
========================================================================
Received Import Request.
  Time of request: 2026-08-11T11:15:16.093507Z
  Time since last request: 0.000420291 seconds.
  importAddress: GUID: 10c49fcd9c64421db7c0133e61e55f97 - Path: Assets/TextMesh Pro/Examples & Extras/Textures/Wipe Pattern - Circle.psd - Importer: ScriptedImporter/UnityEditor.QuickSearchModule:UnityEditor.Search:ASIAI0B
Importing 'GUID: 10c49fcd9c64421db7c0133e61e55f97 - Path: Assets/TextMesh Pro/Examples & Extras/Textures/Wipe Pattern - Circle.psd - Importer: ScriptedImporter/UnityEditor.QuickSearchModule:UnityEditor.Search:ASIAI0B' with importer (ScriptedImporter : UnityEditor.QuickSearchModule:UnityEditor.Search:ASIAI0B)
Imported 'GUID: 10c49fcd9c64421db7c0133e61e55f97' -> (Import Result ID: '8731670e247e770b15ddc9496e70ebea') in 0.005 seconds [static and dynamic dependencies]. Details - ImportResultOutputID=4cd1e352c7e9995bb15844922273c76b DependenciesID=94413e6a701cf6a4c29b10f169a8cade StaticDependenciesID=f14c22160b8c09326bbb1a57148e33fb 
Number of updated asset objects reloaded before import = 0
Number of asset objects unloaded after import = 1
========================================================================
Received Import Request.
  Time of request: 2026-08-11T11:15:16.108578Z
  Time since last request: 0.000572958 seconds.
  importAddress: GUID: c719e38f25a9480abd2480ab621a2949 - Path: Assets/TextMesh Pro/Examples & Extras/Materials/Ground - Logo Scene.mat - Importer: ScriptedImporter/UnityEditor.QuickSearchModule:UnityEditor.Search:ASIAI0B
Importing 'GUID: c719e38f25a9480abd2480ab621a2949 - Path: Assets/TextMesh Pro/Examples & Extras/Materials/Ground - Logo Scene.mat - Importer: ScriptedImporter/UnityEditor.QuickSearchModule:UnityEditor.Search:ASIAI0B' with importer (ScriptedImporter : UnityEditor.QuickSearchModule:UnityEditor.Search:ASIAI0B)
Imported 'GUID: c719e38f25a9480abd2480ab621a2949' -> (Import Result ID: 'b783e6ff7d8cea1cfb90866735d76a2a') in 0.007 seconds [static and dynamic dependencies]. Details - ImportResultOutputID=3859c627111033dfa466c5779394ad84 DependenciesID=0a69e4960d0f800cc85cca94cc3c73bc StaticDependenciesID=77a394845daedfd614a7583aaf6f7c7e 
Number of updated asset objects reloaded before import = 0
Number of asset objects unloaded after import = 2
========================================================================
Received Import Request.
  Time of request: 2026-08-11T11:15:16.126389Z
  Time since last request: 0.00079975 seconds.
  importAddress: GUID: b06f0e6c1dfa4356ac918da1bb32c603 - Path: Assets/TextMesh Pro/Examples & Extras/Prefabs/Text Popup.prefab - Importer: ScriptedImporter/UnityEditor.QuickSearchModule:UnityEditor.Search:ASIAI0B
Importing 'GUID: b06f0e6c1dfa4356ac918da1bb32c603 - Path: Assets/TextMesh Pro/Examples & Extras/Prefabs/Text Popup.prefab - Importer: ScriptedImporter/UnityEditor.QuickSearchModule:UnityEditor.Search:ASIAI0B' with importer (ScriptedImporter : UnityEditor.QuickSearchModule:UnityEditor.Search:ASIAI0B)
Imported 'GUID: b06f0e6c1dfa4356ac918da1bb32c603' -> (Import Result ID: '3d67dc59f4b05385d723d5909aebba08') in 0.023 seconds [static and dynamic dependencies]. Details - ImportResultOutputID=8102ffc577479be8933a7529a4454044 DependenciesID=2ae68b0a71eaafde4e9dc924c69a84bb StaticDependenciesID=98eb2025c75236d7ae70ce80fe9eb0b6 
Number of updated asset objects reloaded before import = 0
Number of asset objects unloaded after import = 22
========================================================================
Received Import Request.
  Time of request: 2026-08-11T11:15:16.15958Z
  Time since last request: 0.000054209 seconds.
  importAddress: GUID: d2cf87a8a7a94aa8b80dff1c807c1178 - Path: Assets/TextMesh Pro/Examples & Extras/Fonts/Oswald-Bold - OFL.txt - Importer: ScriptedImporter/UnityEditor.QuickSearchModule:UnityEditor.Search:ASIAI0B
Importing 'GUID: d2cf87a8a7a94aa8b80dff1c807c1178 - Path: Assets/TextMesh Pro/Examples & Extras/Fonts/Oswald-Bold - OFL.txt - Importer: ScriptedImporter/UnityEditor.QuickSearchModule:UnityEditor.Search:ASIAI0B' with importer (ScriptedImporter : UnityEditor.QuickSearchModule:UnityEditor.Search:ASIAI0B)
Imported 'GUID: d2cf87a8a7a94aa8b80dff1c807c1178' -> (Import Result ID: '8ce32a48eb3c229f3a240e13f6436795') in 0.002 seconds [static and dynamic dependencies]. Details - ImportResultOutputID=97e4aa54cb59fa68eb416f72f0e61a7c DependenciesID=210f94624b6260e42f14bfa3b07e9389 StaticDependenciesID=8e04b1c953dac5274d4cbec6c2610ff1 
Number of updated asset objects reloaded before import = 0
Number of asset objects unloaded after import = 1
========================================================================
Received Import Request.
  Time of request: 2026-08-11T11:15:16.171808Z
  Time since last request: 0.000592208 seconds.
  importAddress: GUID: d412675cfb3441efa3bf8dcd9b7624dc - Path: Assets/TextMesh Pro/Examples & Extras/Scripts/SkewTextExample.cs - Importer: ScriptedImporter/UnityEditor.QuickSearchModule:UnityEditor.Search:ASIAI0B
Importing 'GUID: d412675cfb3441efa3bf8dcd9b7624dc - Path: Assets/TextMesh Pro/Examples & Extras/Scripts/SkewTextExample.cs - Importer: ScriptedImporter/UnityEditor.QuickSearchModule:UnityEditor.Search:ASIAI0B' with importer (ScriptedImporter : UnityEditor.QuickSearchModule:UnityEditor.Search:ASIAI0B)
Imported 'GUID: d412675cfb3441efa3bf8dcd9b7624dc' -> (Import Result ID: 'bfb845d06a4af0f1aad261f8dd667df5') in 0.003 seconds [static and dynamic dependencies]. Details - ImportResultOutputID=4ac1447711f539466d3c0d943c074977 DependenciesID=df4f31d129891ab1bfa0374ee26d7fd2 StaticDependenciesID=8676697050b84e94bccfaecd6ce770a1 
Number of updated asset objects reloaded before import = 0
Number of asset objects unloaded after import = 0
========================================================================
Received Import Request.
  Time of request: 2026-08-11T11:15:16.18547Z
  Time since last request: 0.000611334 seconds.
  importAddress: GUID: eea2b7206368b444e84fbec4ec32b64a - Path: Assets/TextMesh Pro/Examples & Extras/Scenes/28 - HDRP Shader Example.unity - Importer: ScriptedImporter/UnityEditor.QuickSearchModule:UnityEditor.Search:ASIAI0B
Importing 'GUID: eea2b7206368b444e84fbec4ec32b64a - Path: Assets/TextMesh Pro/Examples & Extras/Scenes/28 - HDRP Shader Example.unity - Importer: ScriptedImporter/UnityEditor.QuickSearchModule:UnityEditor.Search:ASIAI0B' with importer (ScriptedImporter : UnityEditor.QuickSearchModule:UnityEditor.Search:ASIAI0B)
Imported 'GUID: eea2b7206368b444e84fbec4ec32b64a' -> (Import Result ID: '4917b408f19a2db0b8ae26ee76dc3e43') in 0.003 seconds [static and dynamic dependencies]. Details - ImportResultOutputID=fc77355e618ad4a2c9a8a8fa099358ee DependenciesID=99ec8341f88931a5f9c2ebb6d5596a65 StaticDependenciesID=3d101bb6372a04ab200b3867ecc9846f 
Number of updated asset objects reloaded before import = 0
Number of asset objects unloaded after import = 1
========================================================================
Received Import Request.
  Time of request: 2026-08-11T11:15:16.198789Z
  Time since last request: 0.000194375 seconds.
  importAddress: GUID: 6f2c5b59b6874405865e2616e4ec276a - Path: Assets/TextMesh Pro/Examples & Extras/Scripts/TMP_ExampleScript_01.cs - Importer: ScriptedImporter/UnityEditor.QuickSearchModule:UnityEditor.Search:ASIAI0B
Importing 'GUID: 6f2c5b59b6874405865e2616e4ec276a - Path: Assets/TextMesh Pro/Examples & Extras/Scripts/TMP_ExampleScript_01.cs - Importer: ScriptedImporter/UnityEditor.QuickSearchModule:UnityEditor.Search:ASIAI0B' with importer (ScriptedImporter : UnityEditor.QuickSearchModule:UnityEditor.Search:ASIAI0B)
Imported 'GUID: 6f2c5b59b6874405865e2616e4ec276a' -> (Import Result ID: 'a8495881e8cc1acbdc2c641429d29709') in 0.002 seconds [static and dynamic dependencies]. Details - ImportResultOutputID=2a38778a94ee96539831b05a5fb82a61 DependenciesID=8cb5470a1a89f759ea3498eefb526a09 StaticDependenciesID=bc3e24269b9fd3658feb6b6f62bd5572 
Number of updated asset objects reloaded before import = 0
Number of asset objects unloaded after import = 0
========================================================================
Received Import Request.
  Time of request: 2026-08-11T11:15:16.21141Z
  Time since last request: 0.000460542 seconds.
  importAddress: GUID: 6522f30e342599e4e9dd4cc2cc03c830 - Path: Assets/TextMesh Pro/Examples & Extras/Resources/Fonts & Materials/Anton SDF - Sunny Days.mat - Importer: ScriptedImporter/UnityEditor.QuickSearchModule:UnityEditor.Search:ASIAI0B
Importing 'GUID: 6522f30e342599e4e9dd4cc2cc03c830 - Path: Assets/TextMesh Pro/Examples & Extras/Resources/Fonts & Materials/Anton SDF - Sunny Days.mat - Importer: ScriptedImporter/UnityEditor.QuickSearchModule:UnityEditor.Search:ASIAI0B' with importer (ScriptedImporter : UnityEditor.QuickSearchModule:UnityEditor.Search:ASIAI0B)
Imported 'GUID: 6522f30e342599e4e9dd4cc2cc03c830' -> (Import Result ID: 'e77243d68aa2ade9387b39995b28025b') in 0.005 seconds [static and dynamic dependencies]. Details - ImportResultOutputID=3256db8e8128c1ef452fd8672c014fbe DependenciesID=0fe5835f362eed56ae23b4b476c038bc StaticDependenciesID=a9f72903de5d2b9a7ffa3a5c4da88cf7 
Number of updated asset objects reloaded before import = 0
Number of asset objects unloaded after import = 6
========================================================================
Received Import Request.
  Time of request: 2026-08-11T11:15:16.228182Z
  Time since last request: 0.000346 seconds.
  importAddress: GUID: a7eaeb4188c60454faf0a41c253b505c - Path: Assets/TextMesh Pro/Examples & Extras/Scenes/28 - HDRP Shader Example - Importer: ScriptedImporter/UnityEditor.QuickSearchModule:UnityEditor.Search:ASIAI0B
Importing 'GUID: a7eaeb4188c60454faf0a41c253b505c - Path: Assets/TextMesh Pro/Examples & Extras/Scenes/28 - HDRP Shader Example - Importer: ScriptedImporter/UnityEditor.QuickSearchModule:UnityEditor.Search:ASIAI0B' with importer (ScriptedImporter : UnityEditor.QuickSearchModule:UnityEditor.Search:ASIAI0B)
Imported 'GUID: a7eaeb4188c60454faf0a41c253b505c' -> (Import Result ID: '195f2b74e5f27584f5847089ec4f81fd') in 0.002 seconds [static and dynamic dependencies]. Details - ImportResultOutputID=6c266b6aa8b65e92e19faf483c9e1ba4 DependenciesID=ed629fe365ba085a91fac1cb895f5af7 StaticDependenciesID=97370206abbd6e9985f54d90db2be18a 
Number of updated asset objects reloaded before import = 0
Number of asset objects unloaded after import = 1
========================================================================
Received Import Request.
  Time of request: 2026-08-11T11:15:16.241202Z
  Time since last request: 0.000387166 seconds.
  importAddress: GUID: a4b6f99e8bc54541bbd149b014ff441c - Path: Assets/TextMesh Pro/Examples & Extras/Scripts/EnvMapAnimator.cs - Importer: ScriptedImporter/UnityEditor.QuickSearchModule:UnityEditor.Search:ASIAI0B
Importing 'GUID: a4b6f99e8bc54541bbd149b014ff441c - Path: Assets/TextMesh Pro/Examples & Extras/Scripts/EnvMapAnimator.cs - Importer: ScriptedImporter/UnityEditor.QuickSearchModule:UnityEditor.Search:ASIAI0B' with importer (ScriptedImporter : UnityEditor.QuickSearchModule:UnityEditor.Search:ASIAI0B)
Imported 'GUID: a4b6f99e8bc54541bbd149b014ff441c' -> (Import Result ID: 'ad61e28b866e42a4a6d01de9458926fa') in 0.002 seconds [static and dynamic dependencies]. Details - ImportResultOutputID=8273de12eb9ef633c54e258b4b1461b8 DependenciesID=7306f0b0eecc3975cd1acdd414d1576f StaticDependenciesID=33762e76dd603e96459b4065916a44b2 
Number of updated asset objects reloaded before import = 0
Number of asset objects unloaded after import = 0
========================================================================
Received Import Request.
  Time of request: 2026-08-11T11:15:16.254762Z
  Time since last request: 0.001135167 seconds.
  importAddress: GUID: a73109742c8d47ac822895a473300c29 - Path: Assets/TextMesh Pro/Examples & Extras/Scripts/Benchmark03.cs - Importer: ScriptedImporter/UnityEditor.QuickSearchModule:UnityEditor.Search:ASIAI0B
Importing 'GUID: a73109742c8d47ac822895a473300c29 - Path: Assets/TextMesh Pro/Examples & Extras/Scripts/Benchmark03.cs - Importer: ScriptedImporter/UnityEditor.QuickSearchModule:UnityEditor.Search:ASIAI0B' with importer (ScriptedImporter : UnityEditor.QuickSearchModule:UnityEditor.Search:ASIAI0B)
Imported 'GUID: a73109742c8d47ac822895a473300c29' -> (Import Result ID: 'e21d599e74726917e4ac9a76d74f3dfc') in 0.002 seconds [static and dynamic dependencies]. Details - ImportResultOutputID=1769e4271d50ba96471b4b7dfafeefd8 DependenciesID=e2935e84bce69a5e79ce2a0d48841912 StaticDependenciesID=43f09326a2652d42f598edf9b2c1fc1a 
Number of updated asset objects reloaded before import = 0
Number of asset objects unloaded after import = 0
========================================================================
Received Import Request.
  Time of request: 2026-08-11T11:15:16.266991Z
  Time since last request: 0.000245666 seconds.
  importAddress: GUID: e6b9b44320f4448d9d5e0ee634259966 - Path: Assets/TextMesh Pro/Examples & Extras/Materials/Crate - Surface Shader Scene.mat - Importer: ScriptedImporter/UnityEditor.QuickSearchModule:UnityEditor.Search:ASIAI0B
Importing 'GUID: e6b9b44320f4448d9d5e0ee634259966 - Path: Assets/TextMesh Pro/Examples & Extras/Materials/Crate - Surface Shader Scene.mat - Importer: ScriptedImporter/UnityEditor.QuickSearchModule:UnityEditor.Search:ASIAI0B' with importer (ScriptedImporter : UnityEditor.QuickSearchModule:UnityEditor.Search:ASIAI0B)
Imported 'GUID: e6b9b44320f4448d9d5e0ee634259966' -> (Import Result ID: '00d88c8ef2e930e4059724c74d0e43b5') in 0.014 seconds [static and dynamic dependencies]. Details - ImportResultOutputID=4c81a9987674e23595aff82e3115af7d DependenciesID=469737f620ae3bc8b229e7894e8761df StaticDependenciesID=621c550f6c8e8fdd33b8e26dedc59854 
Number of updated asset objects reloaded before import = 0
Number of asset objects unloaded after import = 3
========================================================================
Received Import Request.
  Time of request: 2026-08-11T11:15:16.291492Z
  Time since last request: 0.000172 seconds.
  importAddress: GUID: 17c350171f7a3ca479f830547c66d187 - Path: Assets/TextMesh Pro/Examples & Extras/Textures/Sunny Days - Seamless.jpg - Importer: ScriptedImporter/UnityEditor.QuickSearchModule:UnityEditor.Search:ASIAI0B
Importing 'GUID: 17c350171f7a3ca479f830547c66d187 - Path: Assets/TextMesh Pro/Examples & Extras/Textures/Sunny Days - Seamless.jpg - Importer: ScriptedImporter/UnityEditor.QuickSearchModule:UnityEditor.Search:ASIAI0B' with importer (ScriptedImporter : UnityEditor.QuickSearchModule:UnityEditor.Search:ASIAI0B)
Imported 'GUID: 17c350171f7a3ca479f830547c66d187' -> (Import Result ID: 'dafabaaf8a6a62510a25f1cd96bfe06b') in 0.004 seconds [static and dynamic dependencies]. Details - ImportResultOutputID=90a03bbdc558cb8b103885a9cf875ddb DependenciesID=3bd2d51a6680591ece3986d6b57da9e8 StaticDependenciesID=6300a529a20fe61bc1e4a9c6db593ea2 
Number of updated asset objects reloaded before import = 0
Number of asset objects unloaded after import = 1
========================================================================
Received Import Request.
  Time of request: 2026-08-11T11:15:16.305077Z
  Time since last request: 0.00039075 seconds.
  importAddress: GUID: 8f7137eacd7042d5b17ef0efe5e744f5 - Path: Assets/TextMesh Pro/Examples & Extras/Scenes/04 - Word Wrapping.unity - Importer: ScriptedImporter/UnityEditor.QuickSearchModule:UnityEditor.Search:ASIAI0B
Importing 'GUID: 8f7137eacd7042d5b17ef0efe5e744f5 - Path: Assets/TextMesh Pro/Examples & Extras/Scenes/04 - Word Wrapping.unity - Importer: ScriptedImporter/UnityEditor.QuickSearchModule:UnityEditor.Search:ASIAI0B' with importer (ScriptedImporter : UnityEditor.QuickSearchModule:UnityEditor.Search:ASIAI0B)
Imported 'GUID: 8f7137eacd7042d5b17ef0efe5e744f5' -> (Import Result ID: '7a211bb6fc9c99145669dc5df2a9a3e4') in 0.002 seconds [static and dynamic dependencies]. Details - ImportResultOutputID=4948dfccaf567829652d090a356cfd97 DependenciesID=f5b5a79ff0109377230dd2d964ccd880 StaticDependenciesID=e6f82ebceae8fc219c2e2b1568ba09ce 
Number of updated asset objects reloaded before import = 0
Number of asset objects unloaded after import = 1
========================================================================
Received Import Request.
  Time of request: 2026-08-11T11:15:16.339159Z
  Time since last request: 0.021546708 seconds.
  importAddress: GUID: 9747140c28254be2adc582210dfb89b8 - Path: Assets/TextMesh Pro/Examples & Extras/Scenes/12 - Link Example.unity - Importer: ScriptedImporter/UnityEditor.QuickSearchModule:UnityEditor.Search:ASIAI0B
Importing 'GUID: 9747140c28254be2adc582210dfb89b8 - Path: Assets/TextMesh Pro/Examples & Extras/Scenes/12 - Link Example.unity - Importer: ScriptedImporter/UnityEditor.QuickSearchModule:UnityEditor.Search:ASIAI0B' with importer (ScriptedImporter : UnityEditor.QuickSearchModule:UnityEditor.Search:ASIAI0B)
Imported 'GUID: 9747140c28254be2adc582210dfb89b8' -> (Import Result ID: '1a666c65a59ec3f48054b52871e5ca78') in 0.003 seconds [static and dynamic dependencies]. Details - ImportResultOutputID=22bddcd1d8a10558011054ff9c85ec4b DependenciesID=c9772b1abe4c6fbcd4cbe852ebfa18a0 StaticDependenciesID=76feecfc4e453bd387727bc5a7db3ba9 
Number of updated asset objects reloaded before import = 0
Number of asset objects unloaded after import = 1
========================================================================
Received Import Request.
  Time of request: 2026-08-11T11:15:16.35206Z
  Time since last request: 0.000618 seconds.
  importAddress: GUID: 6751ce1a4611b3940812c13a6847d94f - Path: Assets/TextMesh Pro/Examples & Extras/Resources/Fonts & Materials/Bangers SDF Logo - URP.mat - Importer: ScriptedImporter/UnityEditor.QuickSearchModule:UnityEditor.Search:ASIAI0B
Importing 'GUID: 6751ce1a4611b3940812c13a6847d94f - Path: Assets/TextMesh Pro/Examples & Extras/Resources/Fonts & Materials/Bangers SDF Logo - URP.mat - Importer: ScriptedImporter/UnityEditor.QuickSearchModule:UnityEditor.Search:ASIAI0B' with importer (ScriptedImporter : UnityEditor.QuickSearchModule:UnityEditor.Search:ASIAI0B)
Imported 'GUID: 6751ce1a4611b3940812c13a6847d94f' -> (Import Result ID: '8de31316db477eff6e1cad22366d50ad') in 0.005 seconds [static and dynamic dependencies]. Details - ImportResultOutputID=42a8e7074f6c60d174c28473d7a85773 DependenciesID=55c4fb81517150c8fe02f7e98dad9c4d StaticDependenciesID=d063ebbc0bfeb84e3ac129b59ebe076b 
Number of updated asset objects reloaded before import = 0
Number of asset objects unloaded after import = 5
========================================================================
Received Import Request.
  Time of request: 2026-08-11T11:15:16.368068Z
  Time since last request: 0.000953333 seconds.
  importAddress: GUID: 5cf8ae092ca54931b443bec5148f3c59 - Path: Assets/TextMesh Pro/Examples & Extras/Resources/Color Gradient Presets/Light to Dark Green - Vertical.asset - Importer: ScriptedImporter/UnityEditor.QuickSearchModule:UnityEditor.Search:ASIAI0B
Importing 'GUID: 5cf8ae092ca54931b443bec5148f3c59 - Path: Assets/TextMesh Pro/Examples & Extras/Resources/Color Gradient Presets/Light to Dark Green - Vertical.asset - Importer: ScriptedImporter/UnityEditor.QuickSearchModule:UnityEditor.Search:ASIAI0B' with importer (ScriptedImporter : UnityEditor.QuickSearchModule:UnityEditor.Search:ASIAI0B)
Imported 'GUID: 5cf8ae092ca54931b443bec5148f3c59' -> (Import Result ID: '24447787ea00b7074af69ecd3e634bb2') in 0.003 seconds [static and dynamic dependencies]. Details - ImportResultOutputID=d59adb51fbb563cfd02593b8df931258 DependenciesID=418cfc3f5577bf9307258f33219ff6a3 StaticDependenciesID=24fc78f9be4d89385527e0f97ce2a9db 
Number of updated asset objects reloaded before import = 0
Number of asset objects unloaded after import = 1
========================================================================
Received Import Request.
  Time of request: 2026-08-11T11:15:16.381779Z
  Time since last request: 0.000251084 seconds.
  importAddress: GUID: 71529b88994c1a341b22bc57c038674a - Path: Assets/TextMesh Pro/Examples & Extras/Materials/Ground - URP.mat - Importer: ScriptedImporter/UnityEditor.QuickSearchModule:UnityEditor.Search:ASIAI0B
Importing 'GUID: 71529b88994c1a341b22bc57c038674a - Path: Assets/TextMesh Pro/Examples & Extras/Materials/Ground - URP.mat - Importer: ScriptedImporter/UnityEditor.QuickSearchModule:UnityEditor.Search:ASIAI0B' with importer (ScriptedImporter : UnityEditor.QuickSearchModule:UnityEditor.Search:ASIAI0B)
Imported 'GUID: 71529b88994c1a341b22bc57c038674a' -> (Import Result ID: 'ad0fb7f5b24011197b57d961e7c65488') in 0.007 seconds [static and dynamic dependencies]. Details - ImportResultOutputID=70249212354a77e551e4f0170a3d1daa DependenciesID=f4e815536fbb41da2986dcab85bac110 StaticDependenciesID=284a35f39d6d258cdb3426fe17fbe794 
Number of updated asset objects reloaded before import = 0
Number of asset objects unloaded after import = 3
========================================================================
Received Import Request.
  Time of request: 2026-08-11T11:15:16.399684Z
  Time since last request: 0.000444041 seconds.
  importAddress: GUID: aadd5a709a48466c887296bb5b1b8110 - Path: Assets/TextMesh Pro/Examples & Extras/Materials/Ground - Surface Shader Scene.mat - Importer: ScriptedImporter/UnityEditor.QuickSearchModule:UnityEditor.Search:ASIAI0B
Importing 'GUID: aadd5a709a48466c887296bb5b1b8110 - Path: Assets/TextMesh Pro/Examples & Extras/Materials/Ground - Surface Shader Scene.mat - Importer: ScriptedImporter/UnityEditor.QuickSearchModule:UnityEditor.Search:ASIAI0B' with importer (ScriptedImporter : UnityEditor.QuickSearchModule:UnityEditor.Search:ASIAI0B)
Imported 'GUID: aadd5a709a48466c887296bb5b1b8110' -> (Import Result ID: 'ea84613d1c32d5235e55298d486caeac') in 0.003 seconds [static and dynamic dependencies]. Details - ImportResultOutputID=ed410315c52a7e68453d2425d6c051cc DependenciesID=2cd659ca8f008ad2d33c5b15c3e1499a StaticDependenciesID=196f00cf108b8b0d1126cb2ec82ec19e 
Number of updated asset objects reloaded before import = 0
Number of asset objects unloaded after import = 2
========================================================================
Received Import Request.
  Time of request: 2026-08-11T11:15:16.415308Z
  Time since last request: 0.000645541 seconds.
  importAddress: GUID: 2b5e9ae96c5644d8bae932f8b4ca68a2 - Path: Assets/TextMesh Pro/Examples & Extras/Textures/Wipe Pattern - Radial Quad.psd - Importer: ScriptedImporter/UnityEditor.QuickSearchModule:UnityEditor.Search:ASIAI0B
Importing 'GUID: 2b5e9ae96c5644d8bae932f8b4ca68a2 - Path: Assets/TextMesh Pro/Examples & Extras/Textures/Wipe Pattern - Radial Quad.psd - Importer: ScriptedImporter/UnityEditor.QuickSearchModule:UnityEditor.Search:ASIAI0B' with importer (ScriptedImporter : UnityEditor.QuickSearchModule:UnityEditor.Search:ASIAI0B)
Imported 'GUID: 2b5e9ae96c5644d8bae932f8b4ca68a2' -> (Import Result ID: 'e477f37d72f3134afcaa6d46fb57e6c5') in 0.005 seconds [static and dynamic dependencies]. Details - ImportResultOutputID=a613de5d3b78f0a3cb1cf3f9ad80815d DependenciesID=36eb7906fafd53f989f0d95df8c90c2d StaticDependenciesID=da9809957f1696307ad831062a884f4a 
Number of updated asset objects reloaded before import = 0
Number of asset objects unloaded after import = 1
========================================================================
Received Import Request.
  Time of request: 2026-08-11T11:15:16.430916Z
  Time since last request: 0.000257958 seconds.
  importAddress: GUID: f28c334d44214474d9702d3ad79ecb0a - Path: Assets/TextMesh Pro/Examples & Extras/Fonts/Roboto-Bold - AFL.txt - Importer: ScriptedImporter/UnityEditor.QuickSearchModule:UnityEditor.Search:ASIAI0B
Importing 'GUID: f28c334d44214474d9702d3ad79ecb0a - Path: Assets/TextMesh Pro/Examples & Extras/Fonts/Roboto-Bold - AFL.txt - Importer: ScriptedImporter/UnityEditor.QuickSearchModule:UnityEditor.Search:ASIAI0B' with importer (ScriptedImporter : UnityEditor.QuickSearchModule:UnityEditor.Search:ASIAI0B)
Imported 'GUID: f28c334d44214474d9702d3ad79ecb0a' -> (Import Result ID: '574cf2187c89556799f4e343793941d2') in 0.002 seconds [static and dynamic dependencies]. Details - ImportResultOutputID=e1dab35793082583ac6bae6edb3e4cab DependenciesID=a95451e6b6cae63b9df88bb2fd29046a StaticDependenciesID=a67203166035472916ff66364601e817 
Number of updated asset objects reloaded before import = 0
Number of asset objects unloaded after import = 1
========================================================================
Received Import Request.
  Time of request: 2026-08-11T11:15:16.443219Z
  Time since last request: 0.000655917 seconds.
  importAddress: GUID: 8a2b9e2a607dd2143b58c44bc32410b4 - Path: Assets/TextMesh Pro/Examples & Extras/Fonts/Electronic Highway Sign.TTF - Importer: ScriptedImporter/UnityEditor.QuickSearchModule:UnityEditor.Search:ASIAI0B
Importing 'GUID: 8a2b9e2a607dd2143b58c44bc32410b4 - Path: Assets/TextMesh Pro/Examples & Extras/Fonts/Electronic Highway Sign.TTF - Importer: ScriptedImporter/UnityEditor.QuickSearchModule:UnityEditor.Search:ASIAI0B' with importer (ScriptedImporter : UnityEditor.QuickSearchModule:UnityEditor.Search:ASIAI0B)
Imported 'GUID: 8a2b9e2a607dd2143b58c44bc32410b4' -> (Import Result ID: '85760f6f2874054b8a9a6fa433389ba1') in 0.004 seconds [static and dynamic dependencies]. Details - ImportResultOutputID=16b183352cfd82e6dd706939f4701437 DependenciesID=eb10ed782e156993176a9af00630e636 StaticDependenciesID=1235572f2edaacd501fa28d6d8327537 
Number of updated asset objects reloaded before import = 0
Number of asset objects unloaded after import = 3
========================================================================
Received Import Request.
  Time of request: 2026-08-11T11:15:16.458242Z
  Time since last request: 0.001263708 seconds.
  importAddress: GUID: 39a1fa96ad2a449b908fca29d4297a74 - Path: Assets/TextMesh Pro/Examples & Extras/Scenes/06 - Extra Rich Text Examples.unity - Importer: ScriptedImporter/UnityEditor.QuickSearchModule:UnityEditor.Search:ASIAI0B
Importing 'GUID: 39a1fa96ad2a449b908fca29d4297a74 - Path: Assets/TextMesh Pro/Examples & Extras/Scenes/06 - Extra Rich Text Examples.unity - Importer: ScriptedImporter/UnityEditor.QuickSearchModule:UnityEditor.Search:ASIAI0B' with importer (ScriptedImporter : UnityEditor.QuickSearchModule:UnityEditor.Search:ASIAI0B)
Imported 'GUID: 39a1fa96ad2a449b908fca29d4297a74' -> (Import Result ID: 'ceb1f003e878773e600f03f27405a527') in 0.002 seconds [static and dynamic dependencies]. Details - ImportResultOutputID=0b12db13a90b789f42dbee097a8a005b DependenciesID=296eb58b025e79d4cb676e798a42d82d StaticDependenciesID=6c3a0f0185e7eaa52e18e8192dc86817 
Number of updated asset objects reloaded before import = 0
Number of asset objects unloaded after import = 1
========================================================================
Received Import Request.
  Time of request: 2026-08-11T11:15:16.469668Z
  Time since last request: 0.00014625 seconds.
  importAddress: GUID: 251716609f634449bfe8ce75c0ed78fe - Path: Assets/TextMesh Pro/Examples & Extras/Scenes/02 - Multi-line TextMesh Pro.unity - Importer: ScriptedImporter/UnityEditor.QuickSearchModule:UnityEditor.Search:ASIAI0B
Importing 'GUID: 251716609f634449bfe8ce75c0ed78fe - Path: Assets/TextMesh Pro/Examples & Extras/Scenes/02 - Multi-line TextMesh Pro.unity - Importer: ScriptedImporter/UnityEditor.QuickSearchModule:UnityEditor.Search:ASIAI0B' with importer (ScriptedImporter : UnityEditor.QuickSearchModule:UnityEditor.Search:ASIAI0B)
Imported 'GUID: 251716609f634449bfe8ce75c0ed78fe' -> (Import Result ID: 'a4ee68697a22b6e9d33b3179784dc5c9') in 0.002 seconds [static and dynamic dependencies]. Details - ImportResultOutputID=1ffe9a49be491785af9d02878d7d975a DependenciesID=65fa7a600deec032eff91736b2b37cd2 StaticDependenciesID=bc9da5dcb9382bab2df6345c4512dbf6 
Number of updated asset objects reloaded before import = 0
Number of asset objects unloaded after import = 1
========================================================================
Received Import Request.
  Time of request: 2026-08-11T11:15:16.480757Z
  Time since last request: 0.000358458 seconds.
  importAddress: GUID: fd09957580ac4326916010f1f260975b - Path: Assets/TextMesh Pro/Examples & Extras/Sprites/DropCap Numbers.psd - Importer: ScriptedImporter/UnityEditor.QuickSearchModule:UnityEditor.Search:ASIAI0B
Importing 'GUID: fd09957580ac4326916010f1f260975b - Path: Assets/TextMesh Pro/Examples & Extras/Sprites/DropCap Numbers.psd - Importer: ScriptedImporter/UnityEditor.QuickSearchModule:UnityEditor.Search:ASIAI0B' with importer (ScriptedImporter : UnityEditor.QuickSearchModule:UnityEditor.Search:ASIAI0B)
Imported 'GUID: fd09957580ac4326916010f1f260975b' -> (Import Result ID: '9bba6f0975fcec343fd3e21b73c3ee85') in 0.005 seconds [static and dynamic dependencies]. Details - ImportResultOutputID=50e99012092c25f10770f02328a9f610 DependenciesID=5d6346e4ca5a4d1c6743032ce15e377e StaticDependenciesID=2c092fbf0d121fea78f98f9b753e287b 
Number of updated asset objects reloaded before import = 0
Number of asset objects unloaded after import = 1
========================================================================
Received Import Request.
  Time of request: 2026-08-11T11:15:16.494762Z
  Time since last request: 0.0001545 seconds.
  importAddress: GUID: f970ea55f9f84bf79b05dab180b8c125 - Path: Assets/TextMesh Pro/Examples & Extras/Scripts/Benchmark01.cs - Importer: ScriptedImporter/UnityEditor.QuickSearchModule:UnityEditor.Search:ASIAI0B
Importing 'GUID: f970ea55f9f84bf79b05dab180b8c125 - Path: Assets/TextMesh Pro/Examples & Extras/Scripts/Benchmark01.cs - Importer: ScriptedImporter/UnityEditor.QuickSearchModule:UnityEditor.Search:ASIAI0B' with importer (ScriptedImporter : UnityEditor.QuickSearchModule:UnityEditor.Search:ASIAI0B)
Imported 'GUID: f970ea55f9f84bf79b05dab180b8c125' -> (Import Result ID: '9e0e343bb19b29f399117968be792825') in 0.002 seconds [static and dynamic dependencies]. Details - ImportResultOutputID=6aa3b27d85490b2a5c16e7d9c001f1e2 DependenciesID=2d6ccab1c5aded496dedae8a2db4040e StaticDependenciesID=b90516b13a05ffac80a73a531f26207d 
Number of updated asset objects reloaded before import = 0
Number of asset objects unloaded after import = 0
========================================================================
Received Import Request.
  Time of request: 2026-08-11T11:15:16.506257Z
  Time since last request: 0.00054 seconds.
  importAddress: GUID: 5fe2257128d9401fad0790f581dc8a6f - Path: Assets/TextMesh Pro/Examples & Extras/Scenes/08 - Improved Text Alignment.unity - Importer: ScriptedImporter/UnityEditor.QuickSearchModule:UnityEditor.Search:ASIAI0B
Importing 'GUID: 5fe2257128d9401fad0790f581dc8a6f - Path: Assets/TextMesh Pro/Examples & Extras/Scenes/08 - Improved Text Alignment.unity - Importer: ScriptedImporter/UnityEditor.QuickSearchModule:UnityEditor.Search:ASIAI0B' with importer (ScriptedImporter : UnityEditor.QuickSearchModule:UnityEditor.Search:ASIAI0B)
Imported 'GUID: 5fe2257128d9401fad0790f581dc8a6f' -> (Import Result ID: '21f9b0aa8dcd682b9eebbbb7de881341') in 0.002 seconds [static and dynamic dependencies]. Details - ImportResultOutputID=e8b746c37042ec31fc7c21562708791c DependenciesID=99086402de435ae6c93b1e23f3b5b47c StaticDependenciesID=1d68dced1df65771d8828082ebf63a0e 
Number of updated asset objects reloaded before import = 0
Number of asset objects unloaded after import = 1
========================================================================
Received Import Request.
  Time of request: 2026-08-11T11:15:16.518068Z
  Time since last request: 0.000209084 seconds.
  importAddress: GUID: 7f422cd1388b01047a58cd07c7a23d9d - Path: Assets/TextMesh Pro/Examples & Extras/Resources/Color Gradient Presets - Importer: ScriptedImporter/UnityEditor.QuickSearchModule:UnityEditor.Search:ASIAI0B
Importing 'GUID: 7f422cd1388b01047a58cd07c7a23d9d - Path: Assets/TextMesh Pro/Examples & Extras/Resources/Color Gradient Presets - Importer: ScriptedImporter/UnityEditor.QuickSearchModule:UnityEditor.Search:ASIAI0B' with importer (ScriptedImporter : UnityEditor.QuickSearchModule:UnityEditor.Search:ASIAI0B)
Imported 'GUID: 7f422cd1388b01047a58cd07c7a23d9d' -> (Import Result ID: 'd97af59ede7efd624296a5a3ff701797') in 0.002 seconds [static and dynamic dependencies]. Details - ImportResultOutputID=a96b06384dfe3b765b3ddf1361aa13fb DependenciesID=c9e367c66f9701c698a7d896e68c7b48 StaticDependenciesID=75ab66068a3ddfcb7b61f64cbc30afb2 
Number of updated asset objects reloaded before import = 0
Number of asset objects unloaded after import = 1
========================================================================
Received Import Request.
  Time of request: 2026-08-11T11:15:16.529995Z
  Time since last request: 0.000261959 seconds.
  importAddress: GUID: 1cdc5b506b1a4a33a53c30669ced1f51 - Path: Assets/TextMesh Pro/Examples & Extras/Textures/Fruit Jelly (B&W).jpg - Importer: ScriptedImporter/UnityEditor.QuickSearchModule:UnityEditor.Search:ASIAI0B
Importing 'GUID: 1cdc5b506b1a4a33a53c30669ced1f51 - Path: Assets/TextMesh Pro/Examples & Extras/Textures/Fruit Jelly (B&W).jpg - Importer: ScriptedImporter/UnityEditor.QuickSearchModule:UnityEditor.Search:ASIAI0B' with importer (ScriptedImporter : UnityEditor.QuickSearchModule:UnityEditor.Search:ASIAI0B)
Imported 'GUID: 1cdc5b506b1a4a33a53c30669ced1f51' -> (Import Result ID: '02a6374d75c377aa85846ee4c9f4bbce') in 0.003 seconds [static and dynamic dependencies]. Details - ImportResultOutputID=fdd7966bc87d8387305cc75e0a585af1 DependenciesID=368b569c0f35048637ae590ca391e292 StaticDependenciesID=dd9900d8d8ed67d7e2f3cb6f90754100 
Number of updated asset objects reloaded before import = 0
Number of asset objects unloaded after import = 1
========================================================================
Received Import Request.
  Time of request: 2026-08-11T11:15:16.543494Z
  Time since last request: 0.000263375 seconds.
  importAddress: GUID: 03d0538de6e24c0f819bfc9ce084dfa9 - Path: Assets/TextMesh Pro/Examples & Extras/Textures/Gradient Vertical (Color).jpg - Importer: ScriptedImporter/UnityEditor.QuickSearchModule:UnityEditor.Search:ASIAI0B
Importing 'GUID: 03d0538de6e24c0f819bfc9ce084dfa9 - Path: Assets/TextMesh Pro/Examples & Extras/Textures/Gradient Vertical (Color).jpg - Importer: ScriptedImporter/UnityEditor.QuickSearchModule:UnityEditor.Search:ASIAI0B' with importer (ScriptedImporter : UnityEditor.QuickSearchModule:UnityEditor.Search:ASIAI0B)
Imported 'GUID: 03d0538de6e24c0f819bfc9ce084dfa9' -> (Import Result ID: '10ffc2c3a89f086178d0662c5a62a7c7') in 0.004 seconds [static and dynamic dependencies]. Details - ImportResultOutputID=2b67586fb3fc68b362bff0806bace12f DependenciesID=fee5674fd0468916f0041cc6a0c9a383 StaticDependenciesID=c19e15bfaf7e0a0499610d3d09e69ad6 
Number of updated asset objects reloaded before import = 0
Number of asset objects unloaded after import = 1
========================================================================
Received Import Request.
  Time of request: 2026-08-11T11:15:16.557724Z
  Time since last request: 0.000241125 seconds.
  importAddress: GUID: f2dcf029949142e28b974630369c8b4e - Path: Assets/TextMesh Pro/Examples & Extras/Resources/Fonts & Materials/Bangers SDF - Drop Shadow.mat - Importer: ScriptedImporter/UnityEditor.QuickSearchModule:UnityEditor.Search:ASIAI0B
Importing 'GUID: f2dcf029949142e28b974630369c8b4e - Path: Assets/TextMesh Pro/Examples & Extras/Resources/Fonts & Materials/Bangers SDF - Drop Shadow.mat - Importer: ScriptedImporter/UnityEditor.QuickSearchModule:UnityEditor.Search:ASIAI0B' with importer (ScriptedImporter : UnityEditor.QuickSearchModule:UnityEditor.Search:ASIAI0B)
Imported 'GUID: f2dcf029949142e28b974630369c8b4e' -> (Import Result ID: 'bb02fce6bdabcad21b18c665877f3dce') in 0.003 seconds [static and dynamic dependencies]. Details - ImportResultOutputID=062d8672fde87ff27548c71276879475 DependenciesID=3328af7aa946a1fa8ef7b6b9c01fb033 StaticDependenciesID=e5d8a2cdf6c19a11df7180a887962970 
Number of updated asset objects reloaded before import = 0
Number of asset objects unloaded after import = 3
========================================================================
Received Import Request.
  Time of request: 2026-08-11T11:15:16.57109Z
  Time since last request: 0.000302792 seconds.
  importAddress: GUID: 0251f66ebc602a944b35bccd13be2738 - Path: Assets/TextMesh Pro/Examples & Extras/Fonts/Unity - OFL.txt - Importer: ScriptedImporter/UnityEditor.QuickSearchModule:UnityEditor.Search:ASIAI0B
Importing 'GUID: 0251f66ebc602a944b35bccd13be2738 - Path: Assets/TextMesh Pro/Examples & Extras/Fonts/Unity - OFL.txt - Importer: ScriptedImporter/UnityEditor.QuickSearchModule:UnityEditor.Search:ASIAI0B' with importer (ScriptedImporter : UnityEditor.QuickSearchModule:UnityEditor.Search:ASIAI0B)
Imported 'GUID: 0251f66ebc602a944b35bccd13be2738' -> (Import Result ID: '8aa7724879f338d691d119e7cec57a31') in 0.002 seconds [static and dynamic dependencies]. Details - ImportResultOutputID=4725b963800712a101d2063e13f8dfaa DependenciesID=02bf9962555eec8e4fde4d6dd8ff5595 StaticDependenciesID=9f22451ce4bbda1baf1b4cfcd8e952f6 
Number of updated asset objects reloaded before import = 0
Number of asset objects unloaded after import = 1
========================================================================
Received Import Request.
  Time of request: 2026-08-11T11:15:16.584775Z
  Time since last request: 0.000428625 seconds.
  importAddress: GUID: 2ddca8f46aa0838419d568affb0ca6b4 - Path: Assets/TextMesh Pro/Examples & Extras/Resources/Fonts & Materials/Roboto-Bold SDF - HDRP Unlit.mat - Importer: ScriptedImporter/UnityEditor.QuickSearchModule:UnityEditor.Search:ASIAI0B
Importing 'GUID: 2ddca8f46aa0838419d568affb0ca6b4 - Path: Assets/TextMesh Pro/Examples & Extras/Resources/Fonts & Materials/Roboto-Bold SDF - HDRP Unlit.mat - Importer: ScriptedImporter/UnityEditor.QuickSearchModule:UnityEditor.Search:ASIAI0B' with importer (ScriptedImporter : UnityEditor.QuickSearchModule:UnityEditor.Search:ASIAI0B)
Imported 'GUID: 2ddca8f46aa0838419d568affb0ca6b4' -> (Import Result ID: '7debc1579af811f1dc64367316129e8f') in 0.005 seconds [static and dynamic dependencies]. Details - ImportResultOutputID=2698cb6a97a4387583621dc4a25fb748 DependenciesID=262721e10b6f966d353898469d3f079e StaticDependenciesID=f9c65de9d02876373733323ee071cdb9 
Number of updated asset objects reloaded before import = 0
Number of asset objects unloaded after import = 4
========================================================================
Received Import Request.
  Time of request: 2026-08-11T11:15:16.600083Z
  Time since last request: 0.000436667 seconds.
  importAddress: GUID: e4e0d9ccee5f4950be8979268c9014e0 - Path: Assets/TextMesh Pro/Examples & Extras/Scripts/VertexShakeB.cs - Importer: ScriptedImporter/UnityEditor.QuickSearchModule:UnityEditor.Search:ASIAI0B
Importing 'GUID: e4e0d9ccee5f4950be8979268c9014e0 - Path: Assets/TextMesh Pro/Examples & Extras/Scripts/VertexShakeB.cs - Importer: ScriptedImporter/UnityEditor.QuickSearchModule:UnityEditor.Search:ASIAI0B' with importer (ScriptedImporter : UnityEditor.QuickSearchModule:UnityEditor.Search:ASIAI0B)
Imported 'GUID: e4e0d9ccee5f4950be8979268c9014e0' -> (Import Result ID: '81f59bb004f0eb315169e81456a609e2') in 0.002 seconds [static and dynamic dependencies]. Details - ImportResultOutputID=3faa7ca92ab54bbb420e26bd4531995b DependenciesID=bf1c1b80b30da68871240acbcb46e485 StaticDependenciesID=f3edacaf3bf03f7479f7951fc44db98b 
Number of updated asset objects reloaded before import = 0
Number of asset objects unloaded after import = 0
========================================================================
Received Import Request.
  Time of request: 2026-08-11T11:15:16.613401Z
  Time since last request: 0.001295083 seconds.
  importAddress: GUID: 69a525efa7e6472eab268f6ea605f06e - Path: Assets/TextMesh Pro/Examples & Extras/Resources/Color Gradient Presets/Yellow to Orange - Vertical.asset - Importer: ScriptedImporter/UnityEditor.QuickSearchModule:UnityEditor.Search:ASIAI0B
Importing 'GUID: 69a525efa7e6472eab268f6ea605f06e - Path: Assets/TextMesh Pro/Examples & Extras/Resources/Color Gradient Presets/Yellow to Orange - Vertical.asset - Importer: ScriptedImporter/UnityEditor.QuickSearchModule:UnityEditor.Search:ASIAI0B' with importer (ScriptedImporter : UnityEditor.QuickSearchModule:UnityEditor.Search:ASIAI0B)
Imported 'GUID: 69a525efa7e6472eab268f6ea605f06e' -> (Import Result ID: '758e17489733905c1f3e55e2765e7323') in 0.002 seconds [static and dynamic dependencies]. Details - ImportResultOutputID=660162bc15e2875238e513ca19a45638 DependenciesID=637389c025e0bc0175ce38043448c848 StaticDependenciesID=057ed42015ce2e83a40d1a54a2d13de1 
Number of updated asset objects reloaded before import = 0
Number of asset objects unloaded after import = 1
========================================================================
Received Import Request.
  Time of request: 2026-08-11T11:15:16.625867Z
  Time since last request: 0.000254167 seconds.
  importAddress: GUID: 349f38d3606449708c7340d26740e1e2 - Path: Assets/TextMesh Pro/Examples & Extras/Scenes/09 - Margin Tag Example.unity - Importer: ScriptedImporter/UnityEditor.QuickSearchModule:UnityEditor.Search:ASIAI0B
Importing 'GUID: 349f38d3606449708c7340d26740e1e2 - Path: Assets/TextMesh Pro/Examples & Extras/Scenes/09 - Margin Tag Example.unity - Importer: ScriptedImporter/UnityEditor.QuickSearchModule:UnityEditor.Search:ASIAI0B' with importer (ScriptedImporter : UnityEditor.QuickSearchModule:UnityEditor.Search:ASIAI0B)
Imported 'GUID: 349f38d3606449708c7340d26740e1e2' -> (Import Result ID: '8ee382fb677d86e6ca68f440b601a699') in 0.002 seconds [static and dynamic dependencies]. Details - ImportResultOutputID=0d0657119d94df27855048055288b0e3 DependenciesID=ecb74293f5374958ecb540570069a634 StaticDependenciesID=e8a6b36e409a79780e1b03b5a00368d4 
Number of updated asset objects reloaded before import = 0
Number of asset objects unloaded after import = 1
========================================================================
Received Import Request.
  Time of request: 2026-08-11T11:15:16.638923Z
  Time since last request: 0.00051025 seconds.
  importAddress: GUID: 16177da2e3254cee91944756d5f8ddd3 - Path: Assets/TextMesh Pro/Examples & Extras/Scenes/Benchmark (Floating Text).unity - Importer: ScriptedImporter/UnityEditor.QuickSearchModule:UnityEditor.Search:ASIAI0B
Importing 'GUID: 16177da2e3254cee91944756d5f8ddd3 - Path: Assets/TextMesh Pro/Examples & Extras/Scenes/Benchmark (Floating Text).unity - Importer: ScriptedImporter/UnityEditor.QuickSearchModule:UnityEditor.Search:ASIAI0B' with importer (ScriptedImporter : UnityEditor.QuickSearchModule:UnityEditor.Search:ASIAI0B)
Imported 'GUID: 16177da2e3254cee91944756d5f8ddd3' -> (Import Result ID: 'a221313a43ebd87aab0c4c6b76d81660') in 0.002 seconds [static and dynamic dependencies]. Details - ImportResultOutputID=91763d3780fc81822ab29ad96ce471b9 DependenciesID=6394083b3a2938291a0e90628a219048 StaticDependenciesID=1b0a1e2cfa4b6d31ad36f305a48cdf6f 
Number of updated asset objects reloaded before import = 0
Number of asset objects unloaded after import = 1
========================================================================
Received Import Request.
  Time of request: 2026-08-11T11:15:16.651409Z
  Time since last request: 0.000251334 seconds.
  importAddress: GUID: 8c4969fd8ba94a68b07cf11f3e7a5137 - Path: Assets/TextMesh Pro/Examples & Extras/Scenes/24 - Surface Shader Example.unity - Importer: ScriptedImporter/UnityEditor.QuickSearchModule:UnityEditor.Search:ASIAI0B
Importing 'GUID: 8c4969fd8ba94a68b07cf11f3e7a5137 - Path: Assets/TextMesh Pro/Examples & Extras/Scenes/24 - Surface Shader Example.unity - Importer: ScriptedImporter/UnityEditor.QuickSearchModule:UnityEditor.Search:ASIAI0B' with importer (ScriptedImporter : UnityEditor.QuickSearchModule:UnityEditor.Search:ASIAI0B)
Imported 'GUID: 8c4969fd8ba94a68b07cf11f3e7a5137' -> (Import Result ID: 'a47e8a380ea6188a53f0352999eff2c7') in 0.002 seconds [static and dynamic dependencies]. Details - ImportResultOutputID=c2edb83d8e8b8b1e4db6aca210983b0c DependenciesID=b63ceae5a03e9346de889eb8d4c70558 StaticDependenciesID=c83f1d987ad2bca374d98ad9bb902cf9 
Number of updated asset objects reloaded before import = 0
Number of asset objects unloaded after import = 1
========================================================================
Received Import Request.
  Time of request: 2026-08-11T11:15:16.663945Z
  Time since last request: 0.000308167 seconds.
  importAddress: GUID: 14aa93acbb234d16aaef0e8b46814db6 - Path: Assets/TextMesh Pro/Examples & Extras/Resources/Sprite Assets/DropCap Numbers.asset - Importer: ScriptedImporter/UnityEditor.QuickSearchModule:UnityEditor.Search:ASIAI0B
Importing 'GUID: 14aa93acbb234d16aaef0e8b46814db6 - Path: Assets/TextMesh Pro/Examples & Extras/Resources/Sprite Assets/DropCap Numbers.asset - Importer: ScriptedImporter/UnityEditor.QuickSearchModule:UnityEditor.Search:ASIAI0B' with importer (ScriptedImporter : UnityEditor.QuickSearchModule:UnityEditor.Search:ASIAI0B)
Imported 'GUID: 14aa93acbb234d16aaef0e8b46814db6' -> (Import Result ID: 'f970b98e4e55c1b9384ec64fc008974f') in 0.003 seconds [static and dynamic dependencies]. Details - ImportResultOutputID=5b8d2908c15a306cbf59d5907084d8e8 DependenciesID=fc165eb41087ba23ab27eb512dc764a2 StaticDependenciesID=fc982f87bcf6664c465ca7eb09c504cb 
Number of updated asset objects reloaded before import = 0
Number of asset objects unloaded after import = 4
========================================================================
Received Import Request.
  Time of request: 2026-08-11T11:15:16.677761Z
  Time since last request: 0.001021083 seconds.
  importAddress: GUID: 7631f4eff8f74ed38eb3eb9db17134e1 - Path: Assets/TextMesh Pro/Examples & Extras/Textures/Wipe Pattern - Radial Double.psd - Importer: ScriptedImporter/UnityEditor.QuickSearchModule:UnityEditor.Search:ASIAI0B
Importing 'GUID: 7631f4eff8f74ed38eb3eb9db17134e1 - Path: Assets/TextMesh Pro/Examples & Extras/Textures/Wipe Pattern - Radial Double.psd - Importer: ScriptedImporter/UnityEditor.QuickSearchModule:UnityEditor.Search:ASIAI0B' with importer (ScriptedImporter : UnityEditor.QuickSearchModule:UnityEditor.Search:ASIAI0B)
Imported 'GUID: 7631f4eff8f74ed38eb3eb9db17134e1' -> (Import Result ID: 'c7a0b59cec2a87ed04dfd387c5f5f37c') in 0.005 seconds [static and dynamic dependencies]. Details - ImportResultOutputID=4a2ced6e3d000ecefa3e85675c920694 DependenciesID=bc7b6ccc403306f3b6df1f5036597573 StaticDependenciesID=a94a9ee0f886116e259ec8a3471dab5f 
Number of updated asset objects reloaded before import = 0
Number of asset objects unloaded after import = 1
========================================================================
Received Import Request.
  Time of request: 2026-08-11T11:15:16.692691Z
  Time since last request: 0.000609958 seconds.
  importAddress: GUID: 08572ab7713642c8a60789750f0bce5c - Path: Assets/TextMesh Pro/Examples & Extras/Scenes/12a - Text Interactions.unity - Importer: ScriptedImporter/UnityEditor.QuickSearchModule:UnityEditor.Search:ASIAI0B
Importing 'GUID: 08572ab7713642c8a60789750f0bce5c - Path: Assets/TextMesh Pro/Examples & Extras/Scenes/12a - Text Interactions.unity - Importer: ScriptedImporter/UnityEditor.QuickSearchModule:UnityEditor.Search:ASIAI0B' with importer (ScriptedImporter : UnityEditor.QuickSearchModule:UnityEditor.Search:ASIAI0B)
Imported 'GUID: 08572ab7713642c8a60789750f0bce5c' -> (Import Result ID: '0c0595c3120887a5e9208c5b111b2687') in 0.003 seconds [static and dynamic dependencies]. Details - ImportResultOutputID=8de5e415f3e42cf4a23cecf3a2fc5abf DependenciesID=377c2fbe1de00a7f3cd91ffd9ec91a30 StaticDependenciesID=58cb172d47f053f3991b429b72abb607 
Number of updated asset objects reloaded before import = 0
Number of asset objects unloaded after import = 1
========================================================================
Received Import Request.
  Time of request: 2026-08-11T11:15:16.705413Z
  Time since last request: 0.000574292 seconds.
  importAddress: GUID: 4f19c7f94c794c5097d8bd11e39c750d - Path: Assets/TextMesh Pro/Examples & Extras/Scripts/ObjectSpin.cs - Importer: ScriptedImporter/UnityEditor.QuickSearchModule:UnityEditor.Search:ASIAI0B
Importing 'GUID: 4f19c7f94c794c5097d8bd11e39c750d - Path: Assets/TextMesh Pro/Examples & Extras/Scripts/ObjectSpin.cs - Importer: ScriptedImporter/UnityEditor.QuickSearchModule:UnityEditor.Search:ASIAI0B' with importer (ScriptedImporter : UnityEditor.QuickSearchModule:UnityEditor.Search:ASIAI0B)
Imported 'GUID: 4f19c7f94c794c5097d8bd11e39c750d' -> (Import Result ID: '4052351d13e028a79fe2176c7c5778a2') in 0.003 seconds [static and dynamic dependencies]. Details - ImportResultOutputID=80aeb8b09995f79fd9636a4d34fd5eaf DependenciesID=618f05a705b4a82abe403c321b9f797f StaticDependenciesID=ba6e5ab9378deecd0170d88830827212 
Number of updated asset objects reloaded before import = 0
Number of asset objects unloaded after import = 0
========================================================================
Received Import Request.
  Time of request: 2026-08-11T11:15:16.719246Z
  Time since last request: 0.000731916 seconds.
  importAddress: GUID: 70615243e2be4a81afaab9bf5d273d65 - Path: Assets/TextMesh Pro/Examples & Extras/Scenes/05 - Style Tags.unity - Importer: ScriptedImporter/UnityEditor.QuickSearchModule:UnityEditor.Search:ASIAI0B
Importing 'GUID: 70615243e2be4a81afaab9bf5d273d65 - Path: Assets/TextMesh Pro/Examples & Extras/Scenes/05 - Style Tags.unity - Importer: ScriptedImporter/UnityEditor.QuickSearchModule:UnityEditor.Search:ASIAI0B' with importer (ScriptedImporter : UnityEditor.QuickSearchModule:UnityEditor.Search:ASIAI0B)
Imported 'GUID: 70615243e2be4a81afaab9bf5d273d65' -> (Import Result ID: '60b966522b2da675556d27ff1c44f257') in 0.003 seconds [static and dynamic dependencies]. Details - ImportResultOutputID=e0fde90ae97e0444e3ff03f7678f96e5 DependenciesID=2f50004e68c25121595725b4808a3aef StaticDependenciesID=8e3d804ecb8c9d972abde14d8bfdacd4 
Number of updated asset objects reloaded before import = 0
Number of asset objects unloaded after import = 1
========================================================================
Received Import Request.
  Time of request: 2026-08-11T11:15:16.733129Z
  Time since last request: 0.000593292 seconds.
  importAddress: GUID: 2d687537154440a3913a9a3c7977978c - Path: Assets/TextMesh Pro/Examples & Extras/Scripts/CameraController.cs - Importer: ScriptedImporter/UnityEditor.QuickSearchModule:UnityEditor.Search:ASIAI0B
Importing 'GUID: 2d687537154440a3913a9a3c7977978c - Path: Assets/TextMesh Pro/Examples & Extras/Scripts/CameraController.cs - Importer: ScriptedImporter/UnityEditor.QuickSearchModule:UnityEditor.Search:ASIAI0B' with importer (ScriptedImporter : UnityEditor.QuickSearchModule:UnityEditor.Search:ASIAI0B)
Imported 'GUID: 2d687537154440a3913a9a3c7977978c' -> (Import Result ID: '0068063622235267881d2ac436da114d') in 0.001 seconds [static and dynamic dependencies]. Details - ImportResultOutputID=59a53f5500fb03e4e155dcfb3e485b2a DependenciesID=2244acaaccc8417b1d794e7bfeee76d0 StaticDependenciesID=935f14f2f636da1de679624a9053bfe8 
Number of updated asset objects reloaded before import = 0
Number of asset objects unloaded after import = 0
========================================================================
Received Import Request.
  Time of request: 2026-08-11T11:15:16.74547Z
  Time since last request: 0.000239417 seconds.
  importAddress: GUID: 8ef7be1c625941f7ba8ed7cc71718c0d - Path: Assets/TextMesh Pro/Examples & Extras/Scripts/Benchmark01_UGUI.cs - Importer: ScriptedImporter/UnityEditor.QuickSearchModule:UnityEditor.Search:ASIAI0B
Importing 'GUID: 8ef7be1c625941f7ba8ed7cc71718c0d - Path: Assets/TextMesh Pro/Examples & Extras/Scripts/Benchmark01_UGUI.cs - Importer: ScriptedImporter/UnityEditor.QuickSearchModule:UnityEditor.Search:ASIAI0B' with importer (ScriptedImporter : UnityEditor.QuickSearchModule:UnityEditor.Search:ASIAI0B)
Imported 'GUID: 8ef7be1c625941f7ba8ed7cc71718c0d' -> (Import Result ID: '0c8458d3ce4757c212bcf8e90e4a8eb2') in 0.002 seconds [static and dynamic dependencies]. Details - ImportResultOutputID=23e0574b538650ce21891a1218098fe6 DependenciesID=e724d690ad8ea1e9b2d5d2275c11cdb6 StaticDependenciesID=cddf20efba7b2a866690761c3455f523 
Number of updated asset objects reloaded before import = 0
Number of asset objects unloaded after import = 0
========================================================================
Received Import Request.
  Time of request: 2026-08-11T11:15:16.757647Z
  Time since last request: 0.000429917 seconds.
  importAddress: GUID: 479a66fa4b094512a62b0a8e553ad95a - Path: Assets/TextMesh Pro/Examples & Extras/Resources/Color Gradient Presets/Blue to Purple - Vertical.asset - Importer: ScriptedImporter/UnityEditor.QuickSearchModule:UnityEditor.Search:ASIAI0B
Importing 'GUID: 479a66fa4b094512a62b0a8e553ad95a - Path: Assets/TextMesh Pro/Examples & Extras/Resources/Color Gradient Presets/Blue to Purple - Vertical.asset - Importer: ScriptedImporter/UnityEditor.QuickSearchModule:UnityEditor.Search:ASIAI0B' with importer (ScriptedImporter : UnityEditor.QuickSearchModule:UnityEditor.Search:ASIAI0B)
Imported 'GUID: 479a66fa4b094512a62b0a8e553ad95a' -> (Import Result ID: '912e16029b241573f9dffcfc0a1fd701') in 0.003 seconds [static and dynamic dependencies]. Details - ImportResultOutputID=fa7834681844f5192dfc60bcfb06a881 DependenciesID=8a9b877bc8d4fca0849640aad5d49ebd StaticDependenciesID=f38b3137e7c675251f5a209ff098bb0a 
Number of updated asset objects reloaded before import = 0
Number of asset objects unloaded after import = 1
========================================================================
Received Import Request.
  Time of request: 2026-08-11T11:15:16.770072Z
  Time since last request: 0.0001845 seconds.
  importAddress: GUID: 3979ce59e55144c89a2b3b3f8dcf7fd3 - Path: Assets/TextMesh Pro/Examples & Extras/Scripts - Importer: ScriptedImporter/UnityEditor.QuickSearchModule:UnityEditor.Search:ASIAI0B
Importing 'GUID: 3979ce59e55144c89a2b3b3f8dcf7fd3 - Path: Assets/TextMesh Pro/Examples & Extras/Scripts - Importer: ScriptedImporter/UnityEditor.QuickSearchModule:UnityEditor.Search:ASIAI0B' with importer (ScriptedImporter : UnityEditor.QuickSearchModule:UnityEditor.Search:ASIAI0B)
Imported 'GUID: 3979ce59e55144c89a2b3b3f8dcf7fd3' -> (Import Result ID: '332ebc456b37607075bbbe86b5c08890') in 0.002 seconds [static and dynamic dependencies]. Details - ImportResultOutputID=7f8eb5195cf0ebac09957d51cf5c37f9 DependenciesID=0fcf3ff45e9e07117fc3a29ef11ff4a6 StaticDependenciesID=5c588cc901a2d9c77f051a95a43b3804 
Number of updated asset objects reloaded before import = 0
Number of asset objects unloaded after import = 1
========================================================================
Received Import Request.
  Time of request: 2026-08-11T11:15:16.78257Z
  Time since last request: 0.000212125 seconds.
  importAddress: GUID: e76e6c0f81964cbda3fe0b7d26ed8060 - Path: Assets/TextMesh Pro/Examples & Extras/Scenes/15 - Inline Graphics & Sprites.unity - Importer: ScriptedImporter/UnityEditor.QuickSearchModule:UnityEditor.Search:ASIAI0B
Importing 'GUID: e76e6c0f81964cbda3fe0b7d26ed8060 - Path: Assets/TextMesh Pro/Examples & Extras/Scenes/15 - Inline Graphics & Sprites.unity - Importer: ScriptedImporter/UnityEditor.QuickSearchModule:UnityEditor.Search:ASIAI0B' with importer (ScriptedImporter : UnityEditor.QuickSearchModule:UnityEditor.Search:ASIAI0B)
Imported 'GUID: e76e6c0f81964cbda3fe0b7d26ed8060' -> (Import Result ID: '470f0dc29cb147e94476ffb2b742e07f') in 0.002 seconds [static and dynamic dependencies]. Details - ImportResultOutputID=1e3da5fae08c0cbe9cf16cea6986ff89 DependenciesID=336882e1afc8801f75769073f576132a StaticDependenciesID=756cd3eb73af1e981708dcd26427a164 
Number of updated asset objects reloaded before import = 0
Number of asset objects unloaded after import = 1
========================================================================
Received Import Request.
  Time of request: 2026-08-11T11:15:16.794458Z
  Time since last request: 0.000175875 seconds.
  importAddress: GUID: 8a89fa14b10d46a99122fd4f73fca9a2 - Path: Assets/TextMesh Pro/Examples & Extras/Resources/Fonts & Materials/Anton SDF.asset - Importer: ScriptedImporter/UnityEditor.QuickSearchModule:UnityEditor.Search:ASIAI0B
Importing 'GUID: 8a89fa14b10d46a99122fd4f73fca9a2 - Path: Assets/TextMesh Pro/Examples & Extras/Resources/Fonts & Materials/Anton SDF.asset - Importer: ScriptedImporter/UnityEditor.QuickSearchModule:UnityEditor.Search:ASIAI0B' with importer (ScriptedImporter : UnityEditor.QuickSearchModule:UnityEditor.Search:ASIAI0B)
Imported 'GUID: 8a89fa14b10d46a99122fd4f73fca9a2' -> (Import Result ID: 'e61c87e68c913ffbd7ee405b1de64d8f') in 0.005 seconds [static and dynamic dependencies]. Details - ImportResultOutputID=5e332761debf5b211c60ddb93c02eb4f DependenciesID=b94bd146cdc87177641249684c79119d StaticDependenciesID=673c6a148efedce47457c73aebf8a8fa 
Number of updated asset objects reloaded before import = 0
Number of asset objects unloaded after import = 6
========================================================================
Received Import Request.
  Time of request: 2026-08-11T11:15:16.819882Z
  Time since last request: 0.011063083 seconds.
  importAddress: GUID: 283f897e4925411ebbaa758b4cb13fc2 - Path: Assets/TextMesh Pro/Examples & Extras/Textures/Floor Cement.jpg - Importer: ScriptedImporter/UnityEditor.QuickSearchModule:UnityEditor.Search:ASIAI0B
Importing 'GUID: 283f897e4925411ebbaa758b4cb13fc2 - Path: Assets/TextMesh Pro/Examples & Extras/Textures/Floor Cement.jpg - Importer: ScriptedImporter/UnityEditor.QuickSearchModule:UnityEditor.Search:ASIAI0B' with importer (ScriptedImporter : UnityEditor.QuickSearchModule:UnityEditor.Search:ASIAI0B)
Imported 'GUID: 283f897e4925411ebbaa758b4cb13fc2' -> (Import Result ID: '2cb879c1282b5175fe1b952f7c506293') in 0.005 seconds [static and dynamic dependencies]. Details - ImportResultOutputID=36cc8ee9abe9ddfa751580c3b68aa1ef DependenciesID=7952aaac24596bb93435a9209074e126 StaticDependenciesID=ab72c06a6860de7252ddb975601ce2ea 
Number of updated asset objects reloaded before import = 0
Number of asset objects unloaded after import = 1
========================================================================
Received Import Request.
  Time of request: 2026-08-11T11:15:16.835334Z
  Time since last request: 0.001042792 seconds.
  importAddress: GUID: 1312ae25639a4bae8e25ae223209cc50 - Path: Assets/TextMesh Pro/Examples & Extras/Scripts/TMP_TextEventHandler.cs - Importer: ScriptedImporter/UnityEditor.QuickSearchModule:UnityEditor.Search:ASIAI0B
Importing 'GUID: 1312ae25639a4bae8e25ae223209cc50 - Path: Assets/TextMesh Pro/Examples & Extras/Scripts/TMP_TextEventHandler.cs - Importer: ScriptedImporter/UnityEditor.QuickSearchModule:UnityEditor.Search:ASIAI0B' with importer (ScriptedImporter : UnityEditor.QuickSearchModule:UnityEditor.Search:ASIAI0B)
Imported 'GUID: 1312ae25639a4bae8e25ae223209cc50' -> (Import Result ID: '2dfacfa0f2823407e1b4e8bee6d7da88') in 0.001 seconds [static and dynamic dependencies]. Details - ImportResultOutputID=bf0617c8343988ffb35cd4fe4c290a78 DependenciesID=dfb5d4ad37e6b9fc31792caa999c11da StaticDependenciesID=80ce98234954fc91656d3a9e5f4c9dc0 
Number of updated asset objects reloaded before import = 0
Number of asset objects unloaded after import = 0
========================================================================
Received Import Request.
  Time of request: 2026-08-11T11:15:16.847007Z
  Time since last request: 0.000735625 seconds.
  importAddress: GUID: 5bff2544887143f5807c7d5059d07f79 - Path: Assets/TextMesh Pro/Examples & Extras/Prefabs - Importer: ScriptedImporter/UnityEditor.QuickSearchModule:UnityEditor.Search:ASIAI0B
Importing 'GUID: 5bff2544887143f5807c7d5059d07f79 - Path: Assets/TextMesh Pro/Examples & Extras/Prefabs - Importer: ScriptedImporter/UnityEditor.QuickSearchModule:UnityEditor.Search:ASIAI0B' with importer (ScriptedImporter : UnityEditor.QuickSearchModule:UnityEditor.Search:ASIAI0B)
Imported 'GUID: 5bff2544887143f5807c7d5059d07f79' -> (Import Result ID: 'd8021fc8c31bd10fb7870424fd953847') in 0.002 seconds [static and dynamic dependencies]. Details - ImportResultOutputID=7e3f235cbf26c788b9d7fb9b9ec8bcea DependenciesID=d8d99ea44af1464005c0e96174f585f2 StaticDependenciesID=a98451f9165d2821c4fe9969982622c7 
Number of updated asset objects reloaded before import = 0
Number of asset objects unloaded after import = 1
========================================================================
Received Import Request.
  Time of request: 2026-08-11T11:15:16.859162Z
  Time since last request: 0.000404083 seconds.
  importAddress: GUID: 21a509e1d3cd49978623fa564adb6f02 - Path: Assets/TextMesh Pro/Examples & Extras/Scenes/03 - Line Justification.unity - Importer: ScriptedImporter/UnityEditor.QuickSearchModule:UnityEditor.Search:ASIAI0B
Importing 'GUID: 21a509e1d3cd49978623fa564adb6f02 - Path: Assets/TextMesh Pro/Examples & Extras/Scenes/03 - Line Justification.unity - Importer: ScriptedImporter/UnityEditor.QuickSearchModule:UnityEditor.Search:ASIAI0B' with importer (ScriptedImporter : UnityEditor.QuickSearchModule:UnityEditor.Search:ASIAI0B)
Imported 'GUID: 21a509e1d3cd49978623fa564adb6f02' -> (Import Result ID: '2ffc60fa829bf99e282193c9782c9cc0') in 0.002 seconds [static and dynamic dependencies]. Details - ImportResultOutputID=64f249857a5af72e4358d4a00bd287db DependenciesID=99d05286a31ce001d615aae7cd68e27f StaticDependenciesID=3cdba845df60b379e85ac048fd9d5be3 
Number of updated asset objects reloaded before import = 0
Number of asset objects unloaded after import = 1
========================================================================
Received Prepare
AcceleratorClientConnectionCallback - disconnected - :0
WARNING: Shader Unsupported: 'Universal Render Pipeline/VR/SpatialMapping/Wireframe' - All subshaders removed
WARNING: Shader Did you use #pragma only_renderers and omit this platform?
WARNING: Shader If subshaders removal was intentional, you may have forgotten turning Fallback off?
Shader Hidden/ChartRasterizerHardware is not supported: GPU does not support conservative rasterization
Unloading 42 Unused Serialized files (Serialized files now loaded: 0)
Unloading 7400 unused Assets / (8.1 MB). Loaded Objects now: 8361.
Memory consumption went from 195.4 MB to 187.2 MB.
Total: 18.041000 ms (FindLiveObjects: 0.742167 ms CreateObjectMapping: 2.500041 ms MarkObjects: 9.634042 ms  DeleteObjects: 5.163250 ms)

Prepare: number of updated asset objects reloaded= 0
========================================================================
Received Import Request.
  Time of request: 2026-08-11T11:15:41.40973Z
  Time since last request: 24.538812291 seconds.
  importAddress: GUID: 9af86dd2f17a5413593548459998b9b2 - Path: Assets/script/Reload Sound.cs - Importer: PreviewImporter
Importing 'GUID: 9af86dd2f17a5413593548459998b9b2 - Path: Assets/script/Reload Sound.cs - Importer: PreviewImporter' with importer (PreviewImporter)
Imported 'GUID: 9af86dd2f17a5413593548459998b9b2' -> (Import Result ID: 'c956674c092dfeea56d0c2f747808e50') in 0.001 seconds [static and dynamic dependencies]. Details - ImportResultOutputID=4c14e111802e0ca3742fe039f0b2d3e0 DependenciesID=c84186c2238e8dc993592460ce909649 StaticDependenciesID=6b390551cc7f7c2715e5e5923d256e6a 
Number of updated asset objects reloaded before import = 0
Number of asset objects unloaded after import = 0
========================================================================
Received Import Request.
  Time of request: 2026-08-11T11:15:41.61353Z
  Time since last request: 0.192333709 seconds.
  importAddress: GUID: 9af86dd2f17a5413593548459998b9b2 - Path: Assets/script/Reload Sound.cs - Importer: ScriptedImporter/UnityEditor.QuickSearchModule:UnityEditor.Search:ASIAI0B
Importing 'GUID: 9af86dd2f17a5413593548459998b9b2 - Path: Assets/script/Reload Sound.cs - Importer: ScriptedImporter/UnityEditor.QuickSearchModule:UnityEditor.Search:ASIAI0B' with importer (ScriptedImporter : UnityEditor.QuickSearchModule:UnityEditor.Search:ASIAI0B)
Imported 'GUID: 9af86dd2f17a5413593548459998b9b2' -> (Import Result ID: 'c51c7df5af4166334b08d34da910be29') in 0.003 seconds [static and dynamic dependencies]. Details - ImportResultOutputID=26c8118ab9605e9a64d6f06ef69a6601 DependenciesID=7e9692dad777803902a2c80adb7de11f StaticDependenciesID=7300c66117191a27dcdb83799865f422 
Number of updated asset objects reloaded before import = 0
Number of asset objects unloaded after import = 0
========================================================================
Received Prepare
AcceleratorClientConnectionCallback - disconnected - :0
[Licensing::Client] Successfully resolved entitlement details
Begin MonoManager ReloadAssembly
Thread 0x16d243000 may have been prematurely finalized
ADTM: Control thread waiting for realtime thread timed out, have to lock...
Native extension for OSXStandalone target not found
Native extension for WebGL target not found
[Package Manager] Failed to launch server process. Reason: Unity was launched with the -noUpm command-line argument
[Package Manager] Unable to send message (not connected to server process).
[Package Manager] Cannot connect to Unity Package Manager local server
[Package Manager] Failed to launch server process. Reason: Unity was launched with the -noUpm command-line argument
[Package Manager] Unable to send message (not connected to server process).
[Package Manager] Cannot connect to Unity Package Manager local server
ScheduleIndexationOnStartup MainProcess:False IndexOnStartup:True
Mono: successfully reloaded assembly
- Finished resetting the current domain, in  0.495 seconds
Domain Reload Profiling: 2282ms
	BeginReloadAssembly (1240ms)
		DisableScriptedObjects (23ms)
		CreateAndSetChildDomain (1058ms)
	RebuildCommonClasses (6ms)
	RebuildNativeTypeToScriptingClass (12ms)
	initialDomainReloadingComplete (47ms)
	LoadAllAssembliesAndSetupDomain (481ms)
		LoadAssemblies (297ms)
		AnalyzeDomain (188ms)
			TypeCache.Refresh (34ms)
			BuildScriptInfoCaches (149ms)
			ResolveRequiredComponents (3ms)
	FinalizeReload (495ms)
		SetupLoadedEditorAssemblies (0ms)
			BeforeProcessingInitializeOnLoad (60ms)
			ProcessInitializeOnLoadAttributes (208ms)
			ProcessInitializeOnLoadMethodAttributes (69ms)
		AwakeInstancesAfterBackupRestoration (11ms)
WARNING: Shader Unsupported: 'Universal Render Pipeline/VR/SpatialMapping/Wireframe' - All subshaders removed
WARNING: Shader Did you use #pragma only_renderers and omit this platform?
WARNING: Shader If subshaders removal was intentional, you may have forgotten turning Fallback off?
Shader Hidden/ChartRasterizerHardware is not supported: GPU does not support conservative rasterization
Unloading 41 Unused Serialized files (Serialized files now loaded: 0)
Unloading 7414 unused Assets / (5.0 MB). Loaded Objects now: 8365.
Memory consumption went from 202.9 MB to 197.9 MB.
Total: 10.308459 ms (FindLiveObjects: 0.761292 ms CreateObjectMapping: 1.732208 ms MarkObjects: 5.323125 ms  DeleteObjects: 2.421375 ms)

Prepare: number of updated asset objects reloaded= 0
========================================================================
Received Import Request.
  Time of request: 2026-08-11T11:15:53.436962Z
  Time since last request: 11.810961708 seconds.
  importAddress: GUID: 9af86dd2f17a5413593548459998b9b2 - Path: Assets/script/Reload Sound.cs - Importer: PreviewImporter
Importing 'GUID: 9af86dd2f17a5413593548459998b9b2 - Path: Assets/script/Reload Sound.cs - Importer: PreviewImporter' with importer (PreviewImporter)
Imported 'GUID: 9af86dd2f17a5413593548459998b9b2' -> (Import Result ID: '6f1af7800c62559a01cc2e4291d46d0a') in 0.004 seconds [static and dynamic dependencies]. Details - ImportResultOutputID=4c14e111802e0ca3742fe039f0b2d3e0 DependenciesID=ac4617d12ffc39b3702cbb1534abe1d5 StaticDependenciesID=6b390551cc7f7c2715e5e5923d256e6a 
Number of updated asset objects reloaded before import = 0
Number of asset objects unloaded after import = 0
========================================================================
Received Prepare
AcceleratorClientConnectionCallback - disconnected - :0
WARNING: Shader Unsupported: 'Universal Render Pipeline/VR/SpatialMapping/Wireframe' - All subshaders removed
WARNING: Shader Did you use #pragma only_renderers and omit this platform?
WARNING: Shader If subshaders removal was intentional, you may have forgotten turning Fallback off?
Shader Hidden/ChartRasterizerHardware is not supported: GPU does not support conservative rasterization
Unloading 41 Unused Serialized files (Serialized files now loaded: 0)
Unloading 7399 unused Assets / (4.7 MB). Loaded Objects now: 8365.
Memory consumption went from 194.4 MB to 189.8 MB.
Total: 32.192416 ms (FindLiveObjects: 1.648625 ms CreateObjectMapping: 1.848625 ms MarkObjects: 22.574625 ms  DeleteObjects: 6.014083 ms)

Prepare: number of updated asset objects reloaded= 0
========================================================================
Received Import Request.
  Time of request: 2026-08-11T11:20:44.687286Z
  Time since last request: 291.23641279100002 seconds.
  importAddress: GUID: 9af86dd2f17a5413593548459998b9b2 - Path: Assets/script/Reload Sound.cs - Importer: PreviewImporter
Importing 'GUID: 9af86dd2f17a5413593548459998b9b2 - Path: Assets/script/Reload Sound.cs - Importer: PreviewImporter' with importer (PreviewImporter)
Imported 'GUID: 9af86dd2f17a5413593548459998b9b2' -> (Import Result ID: '04ae0f1c77b73692f9bd76a371850961') in 0.020 seconds [static and dynamic dependencies]. Details - ImportResultOutputID=4c14e111802e0ca3742fe039f0b2d3e0 DependenciesID=95580a7da7c135487a350b738604a799 StaticDependenciesID=ce0a0590fef3e6c675755905419bfbac 
Number of updated asset objects reloaded before import = 0
Number of asset objects unloaded after import = 0
========================================================================
Received Prepare
AcceleratorClientConnectionCallback - disconnected - :0
WARNING: Shader Unsupported: 'Universal Render Pipeline/VR/SpatialMapping/Wireframe' - All subshaders removed
WARNING: Shader Did you use #pragma only_renderers and omit this platform?
WARNING: Shader If subshaders removal was intentional, you may have forgotten turning Fallback off?
Shader Hidden/ChartRasterizerHardware is not supported: GPU does not support conservative rasterization
Unloading 41 Unused Serialized files (Serialized files now loaded: 0)
Unloading 7398 unused Assets / (5.1 MB). Loaded Objects now: 8364.
Memory consumption went from 191.8 MB to 186.7 MB.
Total: 31.104292 ms (FindLiveObjects: 1.466375 ms CreateObjectMapping: 3.333958 ms MarkObjects: 23.824250 ms  DeleteObjects: 2.479375 ms)

Prepare: number of updated asset objects reloaded= 0
========================================================================
Received Prepare
AcceleratorClientConnectionCallback - disconnected - :0
[Licensing::Client] Successfully resolved entitlement details
Begin MonoManager ReloadAssembly
Thread 0x16d243000 may have been prematurely finalized
ADTM: Control thread waiting for realtime thread timed out, have to lock...
Refreshing native plugins compatible for Editor in 4.26 ms, found 3 plugins.
Native extension for OSXStandalone target not found
Native extension for WebGL target not found
[Package Manager] Failed to launch server process. Reason: Unity was launched with the -noUpm command-line argument
[Package Manager] Unable to send message (not connected to server process).
[Package Manager] Cannot connect to Unity Package Manager local server
[Package Manager] Failed to launch server process. Reason: Unity was launched with the -noUpm command-line argument
[Package Manager] Unable to send message (not connected to server process).
[Package Manager] Cannot connect to Unity Package Manager local server
ScheduleIndexationOnStartup MainProcess:False IndexOnStartup:True
Mono: successfully reloaded assembly
- Finished resetting the current domain, in  0.542 seconds
Domain Reload Profiling: 2371ms
	BeginReloadAssembly (1252ms)
		DisableScriptedObjects (21ms)
		CreateAndSetChildDomain (1083ms)
	RebuildCommonClasses (7ms)
	RebuildNativeTypeToScriptingClass (14ms)
	initialDomainReloadingComplete (47ms)
	LoadAllAssembliesAndSetupDomain (508ms)
		LoadAssemblies (318ms)
		AnalyzeDomain (175ms)
			TypeCache.Refresh (14ms)
			BuildScriptInfoCaches (153ms)
			ResolveRequiredComponents (5ms)
	FinalizeReload (543ms)
		SetupLoadedEditorAssemblies (0ms)
			BeforeProcessingInitializeOnLoad (64ms)
			ProcessInitializeOnLoadAttributes (204ms)
			ProcessInitializeOnLoadMethodAttributes (82ms)
		AwakeInstancesAfterBackupRestoration (21ms)
WARNING: Shader Unsupported: 'Universal Render Pipeline/VR/SpatialMapping/Wireframe' - All subshaders removed
WARNING: Shader Did you use #pragma only_renderers and omit this platform?
WARNING: Shader If subshaders removal was intentional, you may have forgotten turning Fallback off?
Shader Hidden/ChartRasterizerHardware is not supported: GPU does not support conservative rasterization
Unloading 41 Unused Serialized files (Serialized files now loaded: 0)
Unloading 7413 unused Assets / (5.1 MB). Loaded Objects now: 8367.
Memory consumption went from 200.0 MB to 194.9 MB.
Total: 11.305708 ms (FindLiveObjects: 0.939875 ms CreateObjectMapping: 2.005000 ms MarkObjects: 5.793708 ms  DeleteObjects: 2.384042 ms)

Prepare: number of updated asset objects reloaded= 0
========================================================================
Received Prepare
AcceleratorClientConnectionCallback - disconnected - :0
Begin MonoManager ReloadAssembly
Thread 0x16d243000 may have been prematurely finalized
ADTM: Control thread waiting for realtime thread timed out, have to lock...
Native extension for OSXStandalone target not found
Native extension for WebGL target not found
[Package Manager] Failed to launch server process. Reason: Unity was launched with the -noUpm command-line argument
[Package Manager] Unable to send message (not connected to server process).
[Package Manager] Cannot connect to Unity Package Manager local server
[Package Manager] Failed to launch server process. Reason: Unity was launched with the -noUpm command-line argument
[Package Manager] Unable to send message (not connected to server process).
[Package Manager] Cannot connect to Unity Package Manager local server
ScheduleIndexationOnStartup MainProcess:False IndexOnStartup:True
Mono: successfully reloaded assembly
- Finished resetting the current domain, in  0.511 seconds
Domain Reload Profiling: 2243ms
	BeginReloadAssembly (1215ms)
		DisableScriptedObjects (24ms)
		CreateAndSetChildDomain (1065ms)
	RebuildCommonClasses (6ms)
	RebuildNativeTypeToScriptingClass (13ms)
	initialDomainReloadingComplete (47ms)
	LoadAllAssembliesAndSetupDomain (451ms)
		LoadAssemblies (241ms)
		AnalyzeDomain (177ms)
			TypeCache.Refresh (18ms)
			BuildScriptInfoCaches (154ms)
			ResolveRequiredComponents (3ms)
	FinalizeReload (512ms)
		SetupLoadedEditorAssemblies (0ms)
			BeforeProcessingInitializeOnLoad (63ms)
			ProcessInitializeOnLoadAttributes (213ms)
			ProcessInitializeOnLoadMethodAttributes (71ms)
		AwakeInstancesAfterBackupRestoration (11ms)
WARNING: Shader Unsupported: 'Universal Render Pipeline/VR/SpatialMapping/Wireframe' - All subshaders removed
WARNING: Shader Did you use #pragma only_renderers and omit this platform?
WARNING: Shader If subshaders removal was intentional, you may have forgotten turning Fallback off?
Shader Hidden/ChartRasterizerHardware is not supported: GPU does not support conservative rasterization
Unloading 41 Unused Serialized files (Serialized files now loaded: 0)
Unloading 7413 unused Assets / (5.9 MB). Loaded Objects now: 8370.
Memory consumption went from 202.4 MB to 196.5 MB.
Total: 11.186375 ms (FindLiveObjects: 0.764083 ms CreateObjectMapping: 1.768125 ms MarkObjects: 6.033750 ms  DeleteObjects: 2.439041 ms)

Prepare: number of updated asset objects reloaded= 0
========================================================================
Received Prepare
AcceleratorClientConnectionCallback - disconnected - :0
WARNING: Shader Unsupported: 'Universal Render Pipeline/VR/SpatialMapping/Wireframe' - All subshaders removed
WARNING: Shader Did you use #pragma only_renderers and omit this platform?
WARNING: Shader If subshaders removal was intentional, you may have forgotten turning Fallback off?
Shader Hidden/ChartRasterizerHardware is not supported: GPU does not support conservative rasterization
Unloading 41 Unused Serialized files (Serialized files now loaded: 0)
Unloading 41 unused Assets / (3.5 MB). Loaded Objects now: 8370.
Memory consumption went from 189.7 MB to 186.3 MB.
Total: 19.952250 ms (FindLiveObjects: 0.554666 ms CreateObjectMapping: 0.804833 ms MarkObjects: 16.330209 ms  DeleteObjects: 2.255125 ms)

Prepare: number of updated asset objects reloaded= 0
========================================================================
Received Import Request.
  Time of request: 2026-08-11T11:25:41.88377Z
  Time since last request: 297.15577074999999 seconds.
  importAddress: GUID: e35b2b627cb1b49a4b30c29075ffab5c - Path: Assets/script/ReloadZone.cs - Importer: PreviewImporter
Importing 'GUID: e35b2b627cb1b49a4b30c29075ffab5c - Path: Assets/script/ReloadZone.cs - Importer: PreviewImporter' with importer (PreviewImporter)
Imported 'GUID: e35b2b627cb1b49a4b30c29075ffab5c' -> (Import Result ID: '88ec52a17df106b1949be22b9f206892') in 0.008 seconds [static and dynamic dependencies]. Details - ImportResultOutputID=611aac35d670774f740133519c7e480d DependenciesID=358c1d64906cfddf1588933d56432233 StaticDependenciesID=bf39f32219f52297eccfdfc4d3a77209 
Number of updated asset objects reloaded before import = 0
Number of asset objects unloaded after import = 0
========================================================================
Received Prepare
AcceleratorClientConnectionCallback - disconnected - :0
WARNING: Shader Unsupported: 'Universal Render Pipeline/VR/SpatialMapping/Wireframe' - All subshaders removed
WARNING: Shader Did you use #pragma only_renderers and omit this platform?
WARNING: Shader If subshaders removal was intentional, you may have forgotten turning Fallback off?
Shader Hidden/ChartRasterizerHardware is not supported: GPU does not support conservative rasterization
Refreshing native plugins compatible for Editor in 3.27 ms, found 3 plugins.
Unloading 41 Unused Serialized files (Serialized files now loaded: 0)
Unloading 41 unused Assets / (3.5 MB). Loaded Objects now: 8370.
Memory consumption went from 187.1 MB to 183.6 MB.
Total: 40.480875 ms (FindLiveObjects: 5.496167 ms CreateObjectMapping: 2.216625 ms MarkObjects: 28.809792 ms  DeleteObjects: 3.955209 ms)

Prepare: number of updated asset objects reloaded= 0
